"","LATID","GATENUM","FLOWERROR","VOLTRUTH"
"1"," 10-1",1,0.767217347899734,28.029392711884
"2"," 10-1",2,0.77676332739724,28.930259122781
"3"," 10-2",1,0.812345101621989,28.7147590451436
"4"," 10-2",2,0.764033604977451,28.1274468961167
"5"," 10-2",3,0.781928355466486,28.9557024584982
"6"," 10-2",4,0.776333748949401,28.7522958782882
"7"," 10-2",5,0.778598233355976,27.433135144723
"8"," 10-2",6,0.8022015992562,28.3996488864675
"9"," 10-2",7,0.813143532904742,28.3502393883613
"10"," 10-2",8,0.775120726472967,28.0713870838333
"11"," 10-2",9,0.793822778191592,29.094837833697
"12"," 10-2",10,0.809394723359383,28.3771270314648
"13"," 10-2a",5,0.764690929175547,27.8377123138963
"14"," 10-2a",6,0.781443359892293,28.9016745952753
"15"," 10-2a",7,0.796423612078881,28.0942180540811
"16"," 10-2a",8,0.774698771354316,30.1359434743126
"17"," 10-2a",9,0.793513850212199,28.0014393461789
"18"," 10-2a",10,0.836186701975294,28.0224726870143
"19"," 10-2a",11,0.818822196595664,28.0596884690135
"20"," 10-3",1,0.782536207720523,28.0791847377871
"21"," 10-3",2,0.755153189104274,28.8094655582861
"22"," 10-3",3,0.760827690025814,28.8767710368658
"23"," 10-3",4,0.793701163611353,29.0153262272739
"24"," 10-3",5,0.752465860656823,28.1824362279841
"25"," 10-3",6,0.77208253769877,28.1943010398237
"26"," 10-3",7,0.790449954533281,28.7107843375687
"27"," 10-3",8,0.782227795177426,28.8633431871886
"28"," 10-3",9,0.790656603582131,28.6132816097324
"29"," 10-3",10,0.781325279884152,27.4834190630395
"30"," 10-3",11,0.805286325945585,27.2523841472186
"31"," 10-3a",4,0.761622958130532,28.4754787816157
"32"," 10-3a",5,0.754705159057256,27.4703156531059
"33"," 11-4",1,0.749616479711285,27.6121647852828
"34"," 11-4",2,0.775793429554954,29.5021178419379
"35"," 11-4",3,0.777588095824533,29.4885984772569
"36"," 11-4",4,0.756435134110408,28.6747136424781
"37"," 11-4",5,0.771181027675669,28.732888445382
"38"," 11-4a",1,0.766187869426508,27.578054798739
"39"," 11-4a",2,0.747796601266241,30.2708420389174
"40"," 11-4a",3,0.755671804495632,27.4994018417555
"41"," 11-4a",4,0.72692473331678,27.4099863276272
"42"," 11-4a",5,0.778776209437175,28.075215905142
"43"," 11-4a",6,0.800709232404341,28.0375581350368
"44"," 11-4a",7,0.817062800143391,28.7750288277009
"45"," 11-4a",8,0.818134460376253,27.2858438903625
"46"," 11-4a",9,0.817216615152968,27.8537660346719
"47"," 11-4a",10,0.786197855842276,27.5386502808062
"48"," 11-4a-1",3,0.777119254601398,27.7724294822861
"49"," 11-4a-1",4,0.745862780625619,28.3502416399642
"50"," 11-4a-1",5,0.794095746063452,28.615476502929
"51"," 11-4c",3,0.748531169732542,29.0697162187463
"52"," 11-4c",4,0.752663613211181,28.1352435288372
"53"," 11-4c",5,0.786393914924307,30.2032388530504
"54"," 11-4d",6,0.768283093953273,28.1510941002295
"55"," 11-4d",7,0.796760915947695,28.747896412598
"56"," 11-4d",8,0.808427225366614,28.0144168933914
"57"," 11-4d",9,0.716699407647988,28.4467245358274
"58"," 12-3",1,0.741583368102389,27.7511386313977
"59"," 12-3",2,0.747774022182756,27.8849725120423
"60"," 12-3",3,0.742184718780318,27.2825505172662
"61"," 12-3",4,0.772508401146996,28.7503152612038
"62"," 12-3",5,0.810202416882239,28.3078585977831
"63"," 12-3",6,0.803240688835076,29.2440969347395
"64"," 12-3",7,0.778521405797843,28.2953146293559
"65"," 12-3",8,0.773161459789998,27.0161867860332
"66"," 12-3",9,0.782291713852048,28.1596911693239
"67"," 12-3",10,0.787274488651244,27.6696099186728
"68"," 12-3",11,0.825681884349536,28.9256058314692
"69"," 12-3",12,0.860949113664132,28.4308404402586
"70"," 12-3",13,0.845286360635015,28.6428496919027
"71"," 12-3",14,0.884291045104584,29.1088068622106
"72"," 12-3",15,0.849089327371053,29.3615174833287
"73"," 12-3",16,0.86068347222094,27.8840174364121
"74"," 12-3",17,0.877291228655327,29.6525475219255
"75"," 12-3",18,0.880229135937861,28.5259077290471
"76"," 12-3",19,0.913700280676614,29.2675572302292
"77"," 12-3",20,0.883318148675069,27.7116285965764
"78"," 12-3a",1,0.767603735441145,28.1812038051361
"79"," 12-3a",2,0.840207708073465,28.3836996006126
"80"," 12-3a",3,0.760340877935416,27.6995123991291
"81"," 12-3a",4,0.766669683626038,28.9282427187721
"82"," 12-3a",5,0.769241771623081,27.800906136929
"83"," 12-3b",4,0.786102632958881,27.6941762953939
"84"," 12-3b",5,0.776123268622326,30.276755597698
"85"," 12-3b",6,0.79603837841398,28.8520749052884
"86"," 12-3b",7,0.808647192293057,28.6554363771254
"87"," 12-3b",8,0.832282835008342,28.7854887713183
"88"," 12-3b",9,0.78568419425179,27.5541578849971
"89"," 12-3b",10,0.796219003331607,28.7414912193932
"90"," 12-3b",11,0.815233050374867,27.2986979419616
"91"," 12-3b",12,0.812749221499075,29.9778589683155
"92"," 12-3b",13,0.808086385193959,28.1479175049324
"93"," 12-3b",14,0.851445874103815,28.9563322697462
"94"," 12-3b",15,0.888949551866956,27.3392571214336
"95"," 12-3b-1",8,0.808984702098724,27.2087630675243
"96"," 12-3b-1",9,0.779852545810563,28.0459873913673
"97"," 12-3b-1",10,0.804975233311139,29.798133578057
"98"," 12-3b-1",11,0.800717591894364,28.7606117994506
"99"," 12-3c",10,0.800216328521478,28.2713850282982
"100"," 12-3c",11,0.792102685167288,27.7784736381666
"101"," 12-3c",12,0.819922488118392,28.3380738575547
"102"," 12-3c",13,0.84869265219469,29.7103623014878
"103"," 12-3c",14,0.831245112235605,28.4813824546047
"104"," 12-3c",15,0.890577685421894,27.8909072066408
"105"," 12-3c",16,0.894917642156551,28.1069071960039
"106"," 12-3c",17,0.903345984151949,27.7540343573996
"107"," 12-3d",12,0.850768408370557,29.3488732244088
"108"," 12-3d",13,0.850998796350972,27.9512020975969
"109"," 12-3d",14,0.819419971991077,29.4644335785542
"110"," 12-3d",15,0.869961683469018,27.5995571604327
"111"," 12-3d",16,0.827220532085069,27.554226881092
"112"," 12-3d",17,0.907877541670456,27.39784197353
"113"," 12-4",1,0.747077890255599,28.2131841450183
"114"," 12-4",2,0.775979226982682,29.0009594381332
"115"," 12-4",3,0.767501915084607,28.8477977202389
"116"," 12-4",4,0.767334234702554,29.3958233574604
"117"," 12-4",5,0.754614052553297,28.5479282159932
"118"," 12-4",6,0.761242932447593,28.5982206444096
"119"," 12-4",7,0.812586050280554,28.1527813350674
"120"," 12-4",8,0.789143397456598,28.6299171223413
"121"," 12-4",9,0.810703317283915,27.9735815545882
"122"," 12-4",10,0.814890217051632,28.1742318014992
"123"," 12-4",11,0.803225534031447,29.1404385038735
"124"," 12-4",12,0.845076147670756,28.5508785636986
"125"," 12-4",13,0.869918402916981,27.835129841984
"126"," 12-4",14,0.83136394311911,28.9211909675652
"127"," 12-4",15,0.893752385098351,29.128676758208
"128"," 12-4",16,0.851464778078024,26.8612549348752
"129"," 12-4",17,0.899038097607208,29.4145848393514
"130"," 12-4",18,0.910175423948741,27.4172040082212
"131"," 12-4",19,0.887099654161905,27.9644020989462
"132"," 12-4",20,0.934567495736214,29.2400071500502
"133"," 12-4",21,0.911735182020118,29.6126806754084
"134"," 12-4",22,0.940469289801218,27.7605574359733
"135"," 12-4",23,0.913639807974564,28.1097096167989
"136"," 12-4",24,0.962237565603303,28.5949853526991
"137"," 12-4",25,1.01036312585725,28.3495596793632
"138"," 12-4",26,0.974363883097108,27.8095734083961
"139"," 12-4a",7,0.785747883546645,29.1350695299023
"140"," 12-4a",8,0.795713048242645,28.8266731154652
"141"," 12-4a",9,0.827871547618372,28.4150843576653
"142"," 13-1",1,0.780364879448894,28.0619572790584
"143"," 13-1",2,0.798794477735058,28.4704246997691
"144"," 13-1",3,0.783559140458916,28.8216622620613
"145"," 13-1",4,0.768683535438504,28.3163919664811
"146"," 13-1",5,0.779109721065131,29.1953092931131
"147"," 13-1",6,0.806598841489926,28.7240932240954
"148"," 13-1",7,0.762412990299018,28.3427695261193
"149"," 13-1",8,0.828732516301815,27.9556648744349
"150"," 13-2",1,0.811739782422485,27.6616069010562
"151"," 13-2",2,0.795919934064346,28.7423725251318
"152"," 13-2",3,0.775403349517344,30.0464800856665
"153"," 13-2",4,0.811173914928705,28.2869808996412
"154"," 13-2",5,0.742482097605495,27.4048289793423
"155"," 13-2",6,0.761305401484359,28.5753653582614
"156"," 13-2",7,0.801878422767499,28.6570448779916
"157"," 13-2",8,0.829332753178131,28.0787133902432
"158"," 13-2",9,0.790087752953235,28.9878987708813
"159"," 13-2",10,0.786299107945299,28.0284537542854
"160"," 13-2",11,0.811198862693758,28.816458068113
"161"," 13-2",12,0.866448428015116,29.4687547694187
"162"," 13-2",13,0.837504879792504,26.8570534164095
"163"," 13-2",14,0.892204142659612,28.5076770641752
"164"," 13-2",15,0.85948899008725,27.7237427816024
"165"," 13-2",16,0.891047364603271,28.7498154191899
"166"," 13-2",17,0.92295272458019,29.3702208399003
"167"," 13-2a",2,0.776085586104189,28.2047524564336
"168"," 13-2a",3,0.861996136054473,28.6452576780815
"169"," 13-2b",6,0.7767204701349,28.3655582813962
"170"," 13-2b",7,0.816711191615974,28.7207521471239
"171"," 13-3",1,0.792212331690521,28.8266671581436
"172"," 13-3",2,0.745907904736464,29.1344740412051
"173"," 13-3",3,0.768014851007685,30.155508006033
"174"," 13-3",4,0.783832409450809,28.3159271368231
"175"," 13-3",5,0.77415438905736,28.7150758478235
"176"," 13-3",6,0.795836253409274,28.9683594531583
"177"," 13-3",7,0.767800410966838,29.4956005766249
"178"," 13-3",8,0.79215040985266,28.0186729219122
"179"," 13-3",9,0.817008677955999,28.6624851252787
"180"," 13-3",10,0.845805150413036,28.6385337526012
"181"," 13-3",11,0.816557935808834,29.0509153796287
"182"," 13-3",12,0.885876263432149,29.2200793688362
"183"," 13-3",13,0.832285458913063,27.8721327005677
"184"," 13-3",14,0.882588764166831,28.3374264919039
"185"," 13-3",15,0.831911876386055,28.4855348939034
"186"," 13-3",16,0.848218661799183,28.3081592137558
"187"," 13-3",17,0.868634996940168,28.4797007777722
"188"," 13-3",18,0.882968102750822,28.3483386722716
"189"," 13-3",19,0.89279571145277,27.9105176883933
"190"," 13-3",20,0.886050808822244,28.8402362535161
"191"," 13-3",21,0.947969585072196,29.2787773170057
"192"," 13-3",22,0.949566228230939,28.6477584579598
"193"," 13-3",23,0.983300385361843,28.5317491717831
"194"," 13-3",24,0.984280202898093,28.4299317202223
"195"," 13-3",25,0.98333910351997,28.3356915109063
"196"," 13-3",26,0.98119011786327,27.9955673955004
"197"," 13-3",27,0.990025085976808,27.4779440058665
"198"," 13-3",28,1.06160303033774,28.0115067937046
"199"," 13-3",29,1.00085195852177,28.4720893251218
"200"," 13-3",30,1.0545382993079,27.8892518548947
"201"," 13-3",31,1.06413927282979,28.2250827660555
"202"," 13-3",32,1.08215089644763,29.3069368967318
"203"," 13-3",33,1.1215678309441,28.2293350911126
"204"," 13-3",34,1.1256148619956,28.3939515896286
"205"," 13-3",35,1.14098541067444,28.0385106268342
"206"," 13-3",36,1.18820923590878,27.224198765232
"207"," 13-3",37,1.13164610599405,27.684697947246
"208"," 13-3",38,1.11010440571742,28.5806482790539
"209"," 13-3",39,1.21430150202687,28.7547464696592
"210"," 13-3",40,1.1657264797571,28.2586953849406
"211"," 13-3",41,1.22931427506024,27.7190229314622
"212"," 13-3",42,1.23048456835454,28.1597973797051
"213"," 13-3",43,1.23618933339035,27.001226462947
"214"," 13-3",44,1.28546635445337,29.1844289849253
"215"," 13-3",45,1.30437775596777,29.4419386428179
"216"," 13-3a",1,0.824352649199142,29.1465819997378
"217"," 13-3a",2,0.786790004941189,27.3825606915713
"218"," 13-3a",3,0.793676004200947,26.5314419607045
"219"," 13-3a",4,0.770530316915324,28.6689247628392
"220"," 13-3c",16,0.869548099368419,28.6956382118712
"221"," 13-3c",17,0.918511680035622,28.8670385080673
"222"," 13-3c",18,0.912922903306303,28.787787293394
"223"," 13-3c",19,0.916297070046413,28.4041078756354
"224"," 13-3c",20,0.967301691423647,27.6124374792959
"225"," 13-3e",21,0.912344787962202,27.9956168317152
"226"," 13-3e",22,0.959890455451071,28.5770440879726
"227"," 13-3e",23,0.980977047533561,27.0536000495138
"228"," 13-3e",24,0.958639714469919,28.4293254882833
"229"," 13-3e",25,0.947553280104712,27.8405675623103
"230"," 13-3e",26,1.00797091263202,29.674900823661
"231"," 13-3i",34,1.17856164034241,27.4143910890285
"232"," 13-3i",35,1.17077233533554,27.4994199584256
"233"," 13-3j",38,1.20736824468576,29.0208110090633
"234"," 13-3j",39,1.20005188643445,28.7085302244104
"235"," 13-3j",40,1.21404006026493,29.1719913929277
"236"," 14-1",1,0.74369201415907,27.8177270075093
"237"," 14-1",2,0.752905479963065,27.5337979286474
"238"," 14-1",3,0.772269765018197,28.7805028246168
"239"," 14-1",4,0.794669848168678,28.6000265683747
"240"," 14-1",5,0.735687249307587,29.0558532754903
"241"," 14-1",6,0.784173488631466,28.6169814930894
"242"," 15-1",1,0.791237642792897,28.3194730905929
"243"," 15-1",2,0.784968394155462,30.1137886546926
"244"," 15-1",3,0.749732491993289,28.1504481579391
"245"," 15-1",4,0.778793178690421,28.4089262788802
"246"," 15-1",5,0.745294143344049,28.2728264511628
"247"," 15-1",6,0.77249714790406,28.3961933700771
"248"," 15-1",7,0.755570683210897,28.7472006599728
"249"," 15-1",8,0.764221839358751,28.4502839020408
"250"," 15-1",9,0.806028199811716,27.5969073140247
"251"," 15-1",10,0.780546086965175,28.0615981027008
"252"," 15-1",11,0.805829830316229,27.695632363368
"253"," 15-1",12,0.824784175411281,28.1418949289119
"254"," 15-1",13,0.831650760700253,28.5688397394182
"255"," 15-1",14,0.873178696019438,28.921103393884
"256"," 15-1",15,0.912916596087527,27.2521464177859
"257"," 15-1",16,0.80351302377555,29.1228091375819
"258"," 15-1",17,0.87879783037035,28.7157674488226
"259"," 15-1",18,0.913867642789992,28.178023144349
"260"," 15-1",19,0.933298048635292,28.6893368589345
"261"," 15-1",20,0.92949149100728,28.6294380290008
"262"," 15-1",21,0.932459715407201,28.2274610009221
"263"," 15-1",22,0.945855730277258,28.9778006458659
"264"," 15-1",23,0.951362080446138,28.3701897683548
"265"," 15-1",24,0.981067952457707,28.0386021552991
"266"," 15-1",25,0.942529342947566,28.9691727885359
"267"," 15-1",26,1.00858536897541,27.6520571347091
"268"," 15-1",27,1.05491037991507,29.0684502991012
"269"," 15-1",28,1.05432366337474,29.3516086676557
"270"," 15-1",29,1.0234522413737,28.059804729646
"271"," 15-1",30,1.09633864425988,26.510108293717
"272"," 15-1",31,1.02677873608505,27.9462278061691
"273"," 15-1",32,1.11025462414844,26.4977186115744
"274"," 15-1a",4,0.775585034904513,27.7675655909736
"275"," 15-1a",5,0.796164747051159,29.0934516542827
"276"," 15-1b",6,0.784583767759488,28.594859349648
"277"," 15-1b",7,0.802472292942789,29.2666688282966
"278"," 15-1b",8,0.793552586704628,28.9705042913008
"279"," 15-1b",9,0.830295566826081,28.934573194126
"280"," 15-1b",10,0.77882996614086,28.8587529089325
"281"," 15-1b",11,0.823536649294531,28.4556161255869
"282"," 15-1f",21,0.912694551209611,27.5087914605767
"283"," 15-1f",22,0.920420699649105,28.0487107883505
"284"," 15-2",1,0.741529089575265,29.0363747480422
"285"," 15-2",2,0.804954455072693,27.6887418431691
"286"," 15-2",3,0.775455396743342,29.0574466663781
"287"," 16-1",1,0.756570775395903,28.4873615033322
"288"," 16-1",2,0.786381860400204,26.8914996941613
"289"," 16-1",3,0.782113268510683,28.1778269221205
"290"," 16-1",4,0.804194461513979,29.3688765639404
"291"," 16-1",5,0.769641626078704,27.9276040186495
"292"," 16-1",6,0.791090694436497,29.1053915178475
"293"," 16-1",7,0.792504583972552,28.3190882022457
"294"," 16-1",8,0.768647546652208,28.8023671405584
"295"," 16-1",9,0.780339167085302,27.2952973716304
"296"," 16-1",10,0.821063742855266,28.655015385553
"297"," 16-1",11,0.775657955605784,30.3847741752515
"298"," 16-1",12,0.847424451051006,28.7367842367211
"299"," 16-1",13,0.826060430260724,28.9317348915191
"300"," 16-1",14,0.848998061389499,27.8779876389149
"301"," 16-1a",1,0.738468544720425,28.5905676237781
"302"," 16-1a",2,0.755476455274428,29.452310467064
"303"," 16-1a",3,0.784163901763714,28.11160664794
"304"," 16-1a",4,0.787177624872761,29.7970131179751
"305"," 16-1a",5,0.814309865658095,30.0533400480419
"306"," 16-1b",3,0.760587691810201,28.0450878914088
"307"," 16-1b",4,0.752510622181364,28.4951975594967
"308"," 16-1b",5,0.795332866483978,27.6812637786095
"309"," 16-4",1,0.77411786729059,29.2384158744263
"310"," 16-4",2,0.771446602154157,28.0153554430648
"311"," 16-4",3,0.777672613347358,29.5153524372524
"312"," 16-4",4,0.798927757958286,29.0277433463549
"313"," 16-4",5,0.805659745187984,28.6706169888741
"314"," 16-4",6,0.777764293507284,28.5811183323079
"315"," 16-4",7,0.816521913138563,28.0636328106693
"316"," 16-4",8,0.796662953690855,28.0688932947118
"317"," 16-4",9,0.776050984739001,29.5647684594808
"318"," 16-4",10,0.783198823930302,29.419010806698
"319"," 16-4",11,0.834808561258404,28.6906083283146
"320"," 16-4",12,0.848387669543728,28.5216416042357
"321"," 16-4",13,0.799849026280915,28.4245134897114
"322"," 16-4",14,0.881262630922302,28.2601835165725
"323"," 16-4",15,0.793298532040906,28.3113747789388
"324"," 16-4",16,0.856987289383707,27.6402542577397
"325"," 16-4",17,0.86402757130261,29.3670228584264
"326"," 16-4",18,0.890342877548986,28.4863540423978
"327"," 16-4",19,0.889883787314963,28.7253407289927
"328"," 16-4",20,0.942737716155124,27.7330264748545
"329"," 16-4",21,0.927714779497678,29.4682065182455
"330"," 16-4",22,0.968103688859124,28.7274565267076
"331"," 16-4",23,0.959020575350133,28.4347129481757
"332"," 16-4",24,1.01436645132902,29.1025283330168
"333"," 16-4",25,0.95166612967942,29.3272247656196
"334"," 16-4",26,1.01263859083083,27.8724971386451
"335"," 16-4",27,1.0253351182259,28.0443964862223
"336"," 16-4",28,1.09729291301854,29.018551697093
"337"," 16-4",29,1.06313761550939,28.8852380166882
"338"," 16-4",30,1.0670747761573,29.5970333838951
"339"," 16-4",31,1.10804776819094,29.4595074966639
"340"," 16-4",32,1.14185509696954,29.1835929594372
"341"," 16-4",33,1.09564669290393,28.4231461957776
"342"," 16-4",34,1.13303837464063,28.3195110827952
"343"," 16-4",35,1.1561097417023,29.7079365175969
"344"," 16-4",36,1.17724315296047,28.6584499967777
"345"," 16-4",37,1.10312555442689,26.985027266555
"346"," 16-4",38,1.15015385746106,27.535939265251
"347"," 16-4",39,1.24061538061722,29.9903228795635
"348"," 16-4",40,1.24078642744902,27.480778829797
"349"," 16-4",41,1.22706770792112,29.219998488536
"350"," 16-4",42,1.18380071783602,28.7125332272045
"351"," 16-4",43,1.25457234755191,27.8829855819466
"352"," 16-4a",2,0.782319567322301,27.7830031937832
"353"," 16-4a",3,0.778853638388468,28.4453736731401
"354"," 16-4a",4,0.767643038759211,28.8534933859063
"355"," 16-4a",5,0.754878064661741,28.9015591452423
"356"," 16-4a",6,0.803841199397071,27.2758391945596
"357"," 16-4a",7,0.80123710720295,28.2635164735748
"358"," 16-4a",8,0.780199170333377,29.4713144608669
"359"," 16-4a",9,0.821065202057818,28.240324418025
"360"," 16-4a",10,0.833462207848146,26.611816419328
"361"," 16-4a",11,0.805786658695681,28.3105620589579
"362"," 16-4a",12,0.855523510532526,29.3356598281316
"363"," 16-4a",13,0.850851795782436,29.2229111927021
"364"," 16-4a",14,0.855122531025961,28.8564795967795
"365"," 16-4a",15,0.834183225083459,28.7971348621704
"366"," 16-4a",16,0.875371758040879,27.5734320412087
"367"," 16-4a",17,0.891409678800482,29.1733220229885
"368"," 16-4b",10,0.820838889826154,28.6767816268959
"369"," 16-4b",11,0.826166604942724,27.5177319792026
"370"," 16-4b",12,0.835782128073808,28.9373982890395
"371"," 16-4b",13,0.83891301053527,28.7296611127087
"372"," 16-4b",14,0.878576215918207,29.156302044782
"373"," 16-4b",15,0.864674715062288,27.9290327215146
"374"," 16-4b",16,0.857367379413984,28.1426799970559
"375"," 16-4b",17,0.890512152614389,28.6821168986454
"376"," 16-4c",14,0.834825699984069,28.457881405308
"377"," 16-4c",15,0.838925389006275,29.2862451569027
"378"," 16-4c",16,0.87751483416092,27.3862185088722
"379"," 16-4c",17,0.856048734671503,28.5620884847728
"380"," 16-4c",18,0.877677528505152,28.7572059485436
"381"," 16-4c",19,0.915516937461354,28.0897104901098
"382"," 16-4c",20,0.91092944398964,28.0729981241406
"383"," 16-4c",21,0.930274416472258,28.7354420885637
"384"," 16-4c",22,0.922563586801314,27.3168314360347
"385"," 16-4c",23,0.954591002345237,29.518325018951
"386"," 16-4c",24,0.929168208619159,27.3889428834043
"387"," 16-4c",25,0.983206410661618,28.0837656812733
"388"," 16-4d",15,0.847781772774963,29.6302907137252
"389"," 16-4d",16,0.889122222111824,28.1123916570922
"390"," 16-4d",17,0.896733167483474,29.0345555815897
"391"," 16-4d",18,0.914505222315801,28.1380296689572
"392"," 16-4d",19,0.912084291309363,28.7274592644082
"393"," 16-4d",20,0.866866779177429,27.8827091998263
"394"," 16-4d",21,0.954726349843323,28.9222077658035
"395"," 16-4d",22,0.93148796498807,27.8385610981143
"396"," 16-4d",23,0.992224731265363,28.1195545026595
"397"," 16-4d",24,0.982046525570743,28.5067163865826
"398"," 16-4d",25,1.04757924704373,28.7869018112963
"399"," 16-4d",26,1.02119894997095,28.0564546686594
"400"," 16-4d",27,1.00064227608148,29.6738421183347
"401"," 16-4d",28,1.02104041646767,29.4092281524948
"402"," 16-4d",29,1.07253990131481,28.5357399700584
"403"," 16-4d",30,1.04383836059693,28.0473125459944
"404"," 16-4d",31,1.06994947642495,27.402503042113
"405"," 16-4f",22,0.946997023266058,27.3578532999374
"406"," 16-4f",23,0.944681924305946,26.8468085684548
"407"," 16-4f",24,0.993425544245981,29.4749274780259
"408"," 16-4f",25,0.978046311447812,28.5920332722612
"409"," 16-4f",26,0.982297319810316,28.2149945090364
"410"," 16-4f",27,1.02186466267094,28.4458484449921
"411"," 16-4f",28,1.04761048121646,29.0860949630298
"412"," 16-4f",29,1.01040046824057,28.2207711172073
"413"," 16-4f",30,1.02529368685418,28.79849124991
"414"," 16-4f",31,1.06528217907406,28.7597828314186
"415"," 16-4f",32,1.06214946199313,28.385539244668
"416"," 16-4f-2",25,0.958089824545376,28.7435406453597
"417"," 16-4f-2",26,0.993956094909027,27.8264110557806
"418"," 16-4f-2",27,1.03928523379317,27.8248348008326
"419"," 16-4f-2",28,1.04013547430168,28.894563026524
"420"," 16-4f-2",29,1.0468084177981,28.6590672719249
"421"," 16-4f-2",30,1.00282987774642,26.511192458477
"422"," 16-4f-3",28,1.04243319951542,29.0013376290077
"423"," 16-4f-3",29,1.06967478241419,28.6167212629385
"424"," 16-4f-3",30,1.00595839741776,28.1829846120057
"425"," 16-4h",26,0.999916204352661,27.2375797375772
"426"," 16-4h",27,1.01989582890927,28.6690422924931
"427"," 16-4h",28,1.07574955800921,28.3838156471674
"428"," 16-4h",29,1.04092853454396,29.4339367868713
"429"," 16-4h",30,1.06291930035849,29.6395054019499
"430"," 16-4h",31,1.01405095677898,27.4303506067298
"431"," 16-4h",32,1.11393101150046,28.8639174684547
"432"," 16-4h",33,1.08886836679892,28.8022802918931
"433"," 16-4h",34,1.11822145745085,28.2239198364929
"434"," 16-4h",35,1.02928802270275,27.647435997794
"435"," 16-4h",36,1.13888686731692,29.3671113731651
"436"," 16-4h",37,1.21886320505941,28.318186253876
"437"," 16-4h",38,1.21566721831323,28.3022703787522
"438"," 16-4h-1",30,1.06611753984995,28.3187819609928
"439"," 16-4h-1",31,1.05250800431444,29.0405832442979
"440"," 16-4h-1",32,1.10525383944947,28.2724926131017
"441"," 16-4h-1",33,1.15708390842359,28.1027168641873
"442"," 17-1",1,0.758122637583985,27.113221812106
"443"," 17-1",2,0.733810518970998,27.4689114261417
"444"," 17-1",3,0.802025231956961,28.9653954834143
"445"," 17-1",4,0.800986408703859,29.0426961438968
"446"," 17-1",5,0.769629715673788,28.9337238815597
"447"," 17-1",6,0.764211440603599,28.5642798113034
"448"," 17-1",7,0.814791117215606,27.9310847753783
"449"," 17-1",8,0.805518967493425,28.0836686919677
"450"," 17-1",9,0.784670198674084,27.9799203084882
"451"," 17-1",10,0.823202897239397,28.8214404500472
"452"," 17-1",11,0.826231627767482,27.2811252492102
"453"," 17-1",12,0.800769225899249,28.0233974166469
"454"," 17-1",13,0.819506146694207,28.3908939290384
"455"," 17-1",14,0.83762153407096,28.1027347286105
"456"," 17-1",15,0.856656706186494,28.7138285427087
"457"," 17-1",16,0.908507243573135,28.0441023064067
"458"," 17-1",17,0.893429283010928,29.2737601978311
"459"," 17-1",18,0.907388835966043,28.6688425227823
"460"," 17-1a",1,0.810273288868115,28.0657390710588
"461"," 17-1a",2,0.725297832591845,29.4912609753118
"462"," 17-1a",3,0.803581934956225,29.4246210886521
"463"," 17-1c",16,0.870612101943226,29.328219254863
"464"," 17-1c",17,0.909503052763947,28.8939599536188
"465"," 17-1c",18,0.92604970438498,28.388295658166
"466"," 17-1c",19,0.892971530223643,28.519400805435
"467"," 17-1d",18,0.895726242879434,28.8442926846952
"468"," 17-1d",19,0.892996654232705,28.1700166295527
"469"," 17-1d",20,0.920559377546859,27.9722441805346
"470"," 17-1d",21,0.958790041015943,30.0299160749137
"471"," 17-1d",22,0.971586818952923,28.0786197201079
"472"," 17-1d",23,0.960862512957758,28.3183823574501
"473"," 17-1d",24,0.9504856650575,28.0878344102553
"474"," 17-1d-1",19,0.903703730388982,29.2369314247272
"475"," 17-1d-1",20,0.894903255532203,27.9945731964563
"476"," 17-1d-2",24,1.02081610232742,28.996411148653
"477"," 17-1d-2",25,0.978511276402291,28.4932835260908
"478"," 17-1d-2",26,1.01926075256892,29.3231927795731
"479"," 19-1",1,0.771389027639769,28.3574409943349
"480"," 19-1",2,0.791468632162401,28.7917637146786
"481"," 19-1",3,0.777027328536342,28.2929314478929
"482"," 19-1",4,0.748083860489135,27.7709591955497
"483"," 19-1",5,0.749395718797168,29.0498586343367
"484"," 19-1",6,0.79295248928981,29.2416480464514
"485"," 19-1",7,0.787188154214251,28.4953564224429
"486"," 19-1",8,0.795350720081388,27.6563023145263
"487"," 19-1",9,0.804111213720255,27.8947616782852
"488"," 19-1",10,0.845788748608636,28.8693072269611
"489"," 19-1",11,0.813101997525797,27.0270255109629
"490"," 19-1",12,0.8291551583451,27.9264209352098
"491"," 19-1",13,0.862220216555457,27.8298445503425
"492"," 19-1",14,0.833602668855488,28.9023778164192
"493"," 19-1",15,0.882879850392141,29.0662891760141
"494"," 19-1",16,0.853250798480234,27.7916165426775
"495"," 19-1",17,0.90069193592548,28.4622642105129
"496"," 19-1",18,0.893281790726764,29.1743920042843
"497"," 19-1",19,0.919234759268401,28.1793334772987
"498"," 19-1",20,0.928100401041203,28.2697671667837
"499"," 19-1",21,0.918300486537104,27.6371182175913
"500"," 19-1",22,0.971182655396923,28.3667577101844
"501"," 19-1",23,0.963287056113647,29.0544426571203
"502"," 19-1",24,1.00296252287777,27.7017325629073
"503"," 19-1",25,1.01208880599751,28.5712706497197
"504"," 19-1",26,1.00856725643194,28.9048551109965
"505"," 19-1",27,1.00584236220013,26.8949253436713
"506"," 19-1",28,1.01937658245241,28.8551329722085
"507"," 19-1",29,1.04152511160333,27.9378437067938
"508"," 19-1",30,1.05420696507978,28.7431945007906
"509"," 19-1b",3,0.824010112661164,28.9899742718253
"510"," 19-1b",4,0.780417901753893,28.8067396314476
"511"," 19-1b",5,0.792664391618956,28.5372522354579
"512"," 19-1b",6,0.794664349289383,29.3424917425186
"513"," 19-1b",7,0.792469652289372,28.3225097699167
"514"," 19-1b",8,0.783454139873561,27.2602996291119
"515"," 19-1b",9,0.799379216531688,27.6550619541746
"516"," 19-1b",10,0.829057706492348,28.5030483443658
"517"," 19-1b-1",5,0.754695239727968,27.6940790073288
"518"," 19-1b-1",6,0.81143162380697,28.2568912590338
"519"," 19-1b-1",7,0.755567825332947,28.0826397556203
"520"," 19-1b-1",8,0.794768060532326,27.6597329278184
"521"," 19-1b-1",9,0.82563171157612,29.2470824014128
"522"," 19-1b-1",10,0.799827527272781,27.0266109777773
"523"," 19-1b-1",11,0.854080029373537,27.1230274234642
"524"," 19-1b-1",12,0.826998347896372,28.3494563836054
"525"," 19-1b-1",13,0.82270861463727,28.2197610400791
"526"," 19-1b-1",14,0.862951741764005,29.345579789495
"527"," 19-1b-1",15,0.881671360908713,27.7507845683678
"528"," 19-1b-1",16,0.877167886995484,29.529745879356
"529"," 19-1b-1",17,0.8825305994287,27.9252911898864
"530"," 19-1c",4,0.749015598949921,29.276817572249
"531"," 19-1c",5,0.767643877071304,28.7282493373664
"532"," 19-1c",6,0.749048888120633,28.4397989173101
"533"," 19-1c",7,0.790807014466917,28.1552306723387
"534"," 19-1c",8,0.83332389032886,29.2430353519958
"535"," 19-1c",9,0.76692515647617,30.3765508320952
"536"," 19-1c",10,0.788658031235333,28.9899922507417
"537"," 19-1c",11,0.769868820587336,28.7312103799085
"538"," 19-1c",12,0.849957151012487,29.3292340318999
"539"," 19-1c-1",7,0.806040870697977,28.419646461642
"540"," 19-1c-1",8,0.796050475046388,27.0310548277208
"541"," 19-1c-1",9,0.795288020167113,29.4932935924575
"542"," 19-1g",18,0.862380434906853,29.3535495903028
"543"," 19-1g",19,0.936366098918135,29.205382897035
"544"," 19-1g",20,0.914950490404764,28.6002744790056
"545"," 19-1g",21,0.967065630639555,28.1584456583183
"546"," 19-1g",22,0.929330499803999,29.7159586479013
"547"," 19-1g",23,0.968357467649245,28.71316231863
"548"," 19-1g",24,0.965688388845923,28.1286694869694
"549"," 19-1g",25,0.985210767756712,29.3815393205576
"550"," 19-1g",26,0.977732623606188,28.4918142745025
"551"," 19-1g",27,1.02690375975526,27.6894666603757
"552"," 19-1g",28,1.03811587811026,28.5371324854323
"553"," 19-1g",29,1.03742085567664,27.7351668591025
"554"," 19-1g",30,1.03985172653056,27.9250335199156
"555"," 19-1g",31,1.05598426578586,29.3631617122928
"556"," 19-1g",32,1.0980242241924,28.0806842721851
"557"," 19-1g-2",23,0.9403002796416,28.4079330873553
"558"," 19-1g-2",24,0.958272376973148,27.7403343187632
"559"," 19-1i",24,1.01162627493808,29.3639934241859
"560"," 19-1i",25,0.94961699371511,29.6332657464644
"561"," 19-1j",25,0.999346988852118,29.5006454082323
"562"," 19-1j",26,1.00277095565928,28.2748856451143
"563"," 19-1j",27,1.01687441863022,29.2457809643314
"564"," 19-1j",28,1.04084833964956,29.7298578684403
"565"," 19-1j",29,1.10141100866191,28.8807578779627
"566"," 19-1j",30,1.08364569798821,28.8745989890988
"567"," 19-1j",31,1.07546331717707,27.9224922855404
"568"," 21-1",1,0.787752050103557,29.3992574801432
"569"," 21-1",2,0.768556611472081,28.5968302718964
"570"," 21-1",3,0.774491760643222,30.2324461389405
"571"," 21-1",4,0.767190729876068,29.1705633238435
"572"," 21-1",5,0.786395521460107,28.6754311477484
"573"," 21-1",6,0.788580103346038,27.7862549145596
"574"," 21-1",7,0.796521110283902,28.7242175959435
"575"," 21-1",8,0.756538004378126,27.6776833372314
"576"," 21-1",9,0.810735473934381,28.4718088278508
"577"," 21-1",10,0.825962490942,27.0196970267486
"578"," 21-1",11,0.793764145810412,27.4508613447215
"579"," 21-1",12,0.800948061527657,29.2323561618509
"580"," 21-1",13,0.794787657722144,28.626742391065
"581"," 21-1",14,0.867819584756867,28.567394955956
"582"," 21-1",15,0.85032506946325,28.1942321749932
"583"," 21-1",16,0.878262518585307,28.4903872072866
"584"," 21-1",17,0.882635693922775,29.4687698648785
"585"," 21-1",18,0.880915036637607,30.1858499195732
"586"," 21-1",19,0.915919256138478,29.1057309476469
"587"," 21-1",20,0.892061160901793,29.0823385452258
"588"," 21-1",21,0.958669982603863,27.8154931967114
"589"," 21-1",22,0.960220145714646,27.6952535321091
"590"," 21-1",23,0.932736438845072,27.6385638229678
"591"," 21-1",24,0.957919682408095,28.2032138679472
"592"," 21-1",25,1.01145370793117,27.8997227605772
"593"," 21-1a",1,0.76860856356294,28.353321398853
"594"," 21-1a",2,0.753442410560487,29.875684392886
"595"," 21-1a",3,0.785137001547129,28.7177506334176
"596"," 21-1a",4,0.76654833318575,27.8778167930579
"597"," 21-1a",5,0.794696639361073,27.9765129319927
"598"," 21-1a",6,0.768321985522692,28.1470508238692
"599"," 21-1a",7,0.777192124475499,29.7655852684094
"600"," 21-1a",8,0.778176450234003,30.0880674074924
"601"," 21-1a",9,0.776911104007925,28.5769314136338
"602"," 21-1a",10,0.84706071865002,28.4783246857131
"603"," 21-1a",11,0.809171318899361,27.7827995612772
"604"," 21-1a",12,0.846865626325926,28.0629664410948
"605"," 21-1a",13,0.842762836846583,28.4365520704064
"606"," 21-1a",14,0.815816864777227,29.058484569664
"607"," 21-1a",15,0.849851186645616,28.2740413043686
"608"," 21-1a",16,0.844189254734258,28.5288142475502
"609"," 21-1a",17,0.889045615555715,28.5398432377924
"610"," 21-1a",18,0.89488679819781,28.0616515142569
"611"," 21-1a",19,0.880458750425044,29.632770761245
"612"," 21-1a",20,0.876121536579729,27.894849743366
"613"," 21-1a",21,0.937349783324888,28.4171230303872
"614"," 21-1a",22,0.913358803038073,28.9045329581632
"615"," 21-1b",1,0.767710720043968,28.8027762638489
"616"," 21-1b",2,0.784318551299007,29.0543012886268
"617"," 21-1b",3,0.758315425907616,29.5011320545395
"618"," 21-1b",4,0.771194919727433,28.3388869937692
"619"," 21-1b",5,0.777857517514337,28.2223027662418
"620"," 21-1b",6,0.757844938408483,27.6509462577702
"621"," 21-1b",7,0.757897854716058,27.7405235501954
"622"," 21-1b",8,0.804041546199568,28.9955748272026
"623"," 21-1b",9,0.872855878440406,29.0894334064779
"624"," 21-1b",10,0.806692770480671,29.0047932810125
"625"," 21-1b",11,0.824224417391943,29.9187023698935
"626"," 21-1b",12,0.848728876842103,27.1395857863628
"627"," 21-1b",13,0.861097319920312,27.7380364992348
"628"," 21-1b",14,0.838438022184738,28.3566125988539
"629"," 21-2",1,0.804437409730316,28.6889262637699
"630"," 21-2",2,0.792079467467175,29.6570931688636
"631"," 21-2",3,0.751514773478008,28.7379783602136
"632"," 21-2",4,0.768120043834928,28.6053579508651
"633"," 21-2",5,0.798438563691771,29.1435724889209
"634"," 21-2",6,0.783520985568026,28.0919520030444
"635"," 21-2",7,0.796912971502278,28.0512558360981
"636"," 21-2",8,0.825723039939309,28.6652691276299
"637"," 21-2",9,0.811771755659644,28.8893926593625
"638"," 21-2",10,0.809609656019453,27.9601435156411
"639"," 21-2",11,0.829932666700171,28.3400389591055
"640"," 21-2",12,0.792188174939536,28.021807445212
"641"," 21-2",13,0.834192756595733,27.7623206356089
"642"," 21-2",14,0.849603817169162,27.8330474672655
"643"," 21-2",15,0.849989610650105,27.807919675861
"644"," 21-2",16,0.89737988476025,29.472209511215
"645"," 21-2",17,0.859367340177546,28.7843787746467
"646"," 21-2",18,0.860631515718037,27.3897786522602
"647"," 21-2",19,0.912540357657633,28.7517802525283
"648"," 21-2",20,0.892803028477663,27.396122631941
"649"," 21-2",21,0.935055352654024,28.056506705652
"650"," 21-2",22,0.936203432917728,28.10233173435
"651"," 21-2",23,0.945695987732829,27.8738365046782
"652"," 21-2",24,0.928290067841471,28.1361647464809
"653"," 21-2",25,0.97450004743895,26.7718455188042
"654"," 21-2",26,0.988034792675008,28.9649684265535
"655"," 21-2",27,1.00329618354088,27.2839884177693
"656"," 21-2",28,1.0253415747411,27.8681548104062
"657"," 21-2",29,1.0570182074828,28.8521360250492
"658"," 21-2",30,1.1193652392772,28.7351969275288
"659"," 21-2",31,1.09537259716942,28.6454792952388
"660"," 21-2",32,1.1180101867379,28.2672658890485
"661"," 21-2",33,1.12560273929396,28.6522268392306
"662"," 21-2",34,1.14967706595912,28.9098051868213
"663"," 21-2",35,1.1753109914379,28.6842086242068
"664"," 21-2",36,1.13368781359203,28.1563733478056
"665"," 21-2",37,1.15876684415645,28.9955223601493
"666"," 21-2",38,1.20464536779278,28.6910367858759
"667"," 21-2",39,1.20618417113429,27.0312652996824
"668"," 21-2",40,1.20133610830809,28.7381864608977
"669"," 21-2",41,1.23011946305005,28.9220882840417
"670"," 21-2",42,1.19284401142061,28.5221324460631
"671"," 21-2",43,1.26479378935592,28.6012601352079
"672"," 21-2",44,1.28759437602371,27.7350867578596
"673"," 21-2",45,1.23646561431313,28.2777229038988
"674"," 21-2",46,1.28313636772921,30.1236498605202
"675"," 21-2",47,1.35625592426785,28.7072746130236
"676"," 21-2",48,1.35724197373263,28.5261433288382
"677"," 21-2",49,1.26394291319159,28.1616839466309
"678"," 21-2",50,1.35329033921429,27.9378462321757
"679"," 21-2",51,1.36431511605468,27.9036646021433
"680"," 21-2",52,1.38826300511405,28.4495540253125
"681"," 21-2",53,1.36952828603043,28.7247901696066
"682"," 21-2",54,1.4157497403098,28.342155845095
"683"," 21-2",55,1.46214764362557,28.1421994279244
"684"," 21-2",56,1.47473459828101,28.0193956981854
"685"," 21-2",57,1.53216935059037,28.4719500431031
"686"," 21-2",58,1.48869344815479,28.8882356482591
"687"," 21-2",59,1.52781327366791,28.6801838582138
"688"," 21-2",60,1.49103447274993,28.525617628848
"689"," 21-2",61,1.49406362383689,28.1165088195353
"690"," 21-2",62,1.48696604842028,28.0066751502785
"691"," 21-2",63,1.56644675321242,29.5022279542214
"692"," 21-2",64,1.60342202924464,29.6949886315462
"693"," 21-2",65,1.55365082787187,27.5157227461362
"694"," 21-2b",12,0.849820663570176,28.4179873906568
"695"," 21-2b",13,0.813933925117782,29.3146807242047
"696"," 21-2b",14,0.848640394717038,27.9794565260431
"697"," 21-2b",15,0.880426909298505,26.7150750067945
"698"," 21-2b",16,0.845214977709552,28.5848142581894
"699"," 21-2c",20,0.956862606115002,29.7795979907227
"700"," 21-2c",21,0.962376028081174,28.6009692918067
"701"," 21-2c",22,0.974658811084231,28.2924193872995
"702"," 21-2c",23,0.941367637431691,27.8650189906019
"703"," 21-2c",24,0.950099002191867,28.5909958760432
"704"," 21-2c",25,0.966449593173194,28.8283176183238
"705"," 21-2c",26,1.03512136587498,28.3498413304673
"706"," 21-2c",27,0.989335819579283,28.0461142473098
"707"," 21-2c",28,1.03855495099614,29.5891839818922
"708"," 21-2c",29,1.01194386232611,27.5112916829347
"709"," 21-2c",30,1.05771885843343,28.1617956858378
"710"," 21-2c",31,1.0613822533095,29.1124031243211
"711"," 21-2c",32,1.10606702440147,27.9124705326332
"712"," 21-2c",33,1.10600037716145,28.0258915359964
"713"," 21-2c",34,1.13430090345301,30.2104085781168
"714"," 21-2c",35,1.12167804745751,28.9664275475712
"715"," 21-2c",36,1.13049698170103,27.6941384727761
"716"," 21-2c",37,1.1772147158937,29.3314611481684
"717"," 21-2c",38,1.20150221000737,27.5369339155853
"718"," 21-2c",39,1.18634642602195,28.7049075745254
"719"," 21-2c",40,1.19565716950994,29.240963267828
"720"," 21-2c",41,1.22819958932922,27.1839965051464
"721"," 21-2c",42,1.31472940463228,27.9566595438164
"722"," 21-2c",43,1.22765293623304,27.2795955148059
"723"," 21-2c-1",21,0.997076804581179,27.1236493408406
"724"," 21-2c-1",22,0.94833176583239,28.804534687916
"725"," 21-2c-1",23,0.957862109483719,28.7418001352328
"726"," 21-2c-1",24,0.975657475568252,29.241784593418
"727"," 21-2c-1",25,0.968781158966792,29.3112393846095
"728"," 21-2c-1",26,1.00021220341965,28.1439019388635
"729"," 21-2c-2",34,1.13679953041287,29.3114533476683
"730"," 21-2c-2",35,1.09813042044134,28.328643762694
"731"," 21-2c-2",36,1.09062264245146,28.2262091710644
"732"," 21-2c-2",37,1.14207244033518,28.9458565896241
"733"," 21-2c-2",38,1.19814802061837,27.5617935158972
"734"," 21-2c-2",39,1.21306053732596,28.1949340761644
"735"," 21-2c-2",40,1.23544928991949,27.9565421380091
"736"," 21-2d",23,0.951223353449631,28.1051719115881
"737"," 21-2d",24,0.983415103493987,28.3521137342563
"738"," 21-2g",48,1.30026874244487,28.8574029694126
"739"," 21-2g",49,1.40165193165902,29.4442242876572
"740"," 21-2g",50,1.32890917675894,28.9468792787809
"741"," 21-4",1,0.75178171784465,28.6948438792523
"742"," 21-4",2,0.763296238982294,28.3764051339656
"743"," 21-4",3,0.7736740880635,28.7393590946393
"744"," 21-4",4,0.758337934228276,28.8703511550904
"745"," 21-4",5,0.792668800104447,29.2197050354717
"746"," 21-4",6,0.746015282012029,29.2881607023056
"747"," 21-4",7,0.819097420037865,28.4777464196491
"748"," 21-4",8,0.772106057991913,28.356635518481
"749"," 21-4",9,0.797262820749367,28.2421500464868
"750"," 21-4",10,0.816784374647512,28.639880770158
"751"," 21-4",11,0.833564083454438,28.2514047379515
"752"," 21-4",12,0.882406870316067,28.3743325035937
"753"," 21-4",13,0.837107046068802,28.1002928128815
"754"," 21-4",14,0.875832936643207,28.7688632338404
"755"," 21-4",15,0.835170548449399,27.6132781525003
"756"," 21-4",16,0.918761167631272,27.1168416713288
"757"," 21-4",17,0.925114132060883,28.4275076954098
"758"," 21-4",18,0.933117258733858,27.8081752244624
"759"," 21-4",19,0.965553185827193,28.3425313611918
"760"," 21-4",20,0.958278677725243,27.0973647595964
"761"," 21-4",21,0.94835943680273,29.3818377315361
"762"," 21-4a",2,0.772463903843322,27.962140347941
"763"," 21-4a",3,0.787068557105267,27.6025127663037
"764"," 21-4b",5,0.799013520421615,29.0717843564283
"765"," 21-4b",6,0.775240133606771,28.4243222601361
"766"," 21-4c",15,0.883069945503989,28.2189066817838
"767"," 21-4c",16,0.884655855550649,29.6121753097313
"768"," 21-4c",17,0.882032636570984,28.4882473155759
"769"," 22-1",1,0.737525727755432,28.6875632474055
"770"," 22-1",2,0.773394379006336,28.7793817743093
"771"," 22-1",3,0.737685243555664,27.9223619546822
"772"," 22-1",4,0.76962793411761,29.9794311840876
"773"," 22-1",5,0.791891274805961,28.8753649203082
"774"," 22-1",6,0.769513752519421,27.7500917587461
"775"," 22-1",7,0.804732092499634,28.9165357923489
"776"," 22-1",8,0.7718475981668,27.8911285769694
"777"," 22-1",9,0.845651568268442,28.6708960653787
"778"," 22-1",10,0.811448876176284,28.4646460119468
"779"," 22-1b",8,0.761510908234997,28.0171898502392
"780"," 22-1b",9,0.837145467654711,28.666023162138
"781"," 25-1",1,0.771141621166652,28.3054609852757
"782"," 25-1",2,0.77710294239482,28.1068121280861
"783"," 25-1",3,0.765755334132585,28.3679264443479
"784"," 25-1",4,0.766722732289335,29.656222550967
"785"," 25-1",5,0.765330581161109,28.7465541211616
"786"," 25-1",6,0.805539492242879,28.5597691158638
"787"," 25-1",7,0.864248712204539,27.9244989324371
"788"," 25-1",8,0.796241482217195,28.6656299102532
"789"," 25-1",9,0.80019216792435,28.2749654886581
"790"," 25-1",10,0.807806403122356,27.8909460319503
"791"," 25-1",11,0.823925610186261,29.9978270142876
"792"," 25-1",12,0.824459285683815,27.7596544492478
"793"," 25-1",13,0.817061572030539,28.219421059542
"794"," 25-1",14,0.875335623129109,29.2575789798959
"795"," 25-1",15,0.916852116541936,28.3820840986762
"796"," 25-1",16,0.86508464269038,28.5890488317714
"797"," 25-1",17,0.872202317317994,27.3894395104343
"798"," 25-1",18,0.877742682576736,28.4347401124022
"799"," 25-1",19,0.911308422399784,29.029998590759
"800"," 25-1",20,0.905497174312741,28.4263179679734
"801"," 25-1",21,0.9175853436525,28.2978938403488
"802"," 25-1",22,0.966193815491543,28.7035988606587
"803"," 25-1",23,0.972886199819704,27.7778273423745
"804"," 25-1",24,0.96486438943694,27.3602646155145
"805"," 25-1",25,0.983494390629395,28.7402287362419
"806"," 25-1",26,1.03160720397173,28.0526545258511
"807"," 25-1",27,1.03296457618594,28.9887249606373
"808"," 25-1",28,1.01831273924957,27.9191023564371
"809"," 25-1",29,0.995028197811285,26.7120295181506
"810"," 25-1",30,1.07074591354001,27.2587583559387
"811"," 25-1",31,1.07518229309789,28.949304645496
"812"," 25-1",32,1.03288761111729,27.6171390578022
"813"," 25-1",33,1.07603789926697,27.8979935710914
"814"," 25-1",34,1.07517063466891,27.2118439096089
"815"," 25-1",35,1.19242750743465,27.4859607482297
"816"," 25-1",36,1.16652817447937,29.8036418280204
"817"," 25-1",37,1.13252739237067,29.4356591430295
"818"," 25-1",38,1.23316341090695,28.275977164978
"819"," 25-1",39,1.21589009855363,29.4571109261485
"820"," 25-1",40,1.1891949244159,29.3862212676773
"821"," 25-1",41,1.26446163151241,28.6926147762685
"822"," 25-1",42,1.22769680263986,27.9288644409701
"823"," 25-1",43,1.22069651383894,27.6548832097771
"824"," 25-1a",8,0.811128767123065,28.1532549622727
"825"," 25-1a",9,0.820025478981579,28.575100246306
"826"," 25-1a",10,0.785187481604179,28.8439801959517
"827"," 25-1a",11,0.842473328427111,29.1747764947173
"828"," 25-1a",12,0.799989138996444,29.0993798056344
"829"," 25-1a",13,0.864756530075036,29.0377290010305
"830"," 25-1a",14,0.815395265367896,28.5566795356804
"831"," 25-1a",15,0.835603530728356,27.1372747859397
"832"," 25-1a",16,0.858010091372296,29.032795205075
"833"," 25-1a",17,0.910176190654226,28.0819474411541
"834"," 25-1c",24,0.962078230781796,28.3263526869127
"835"," 25-1c",25,0.992419149603793,29.3833072726767
"836"," 25-1c",26,1.03003861397031,29.1861112371268
"837"," 25-1c",27,1.03627553447766,29.3604933420101
"838"," 25-1c",28,1.01937375045494,27.8062787602434
"839"," 25-1c",29,1.06736989589802,27.9224685027204
"840"," 25-1c",30,1.06707257640147,28.6633106985791
"841"," 25-1c",31,1.04315632417565,28.9943690128495
"842"," 25-1c",32,1.12293154676703,27.8543530873242
"843"," 25-1c",33,1.14281457482956,27.6993484094295
"844"," 25-1c",34,1.10619273694067,28.569042892881
"845"," 25-1c",35,1.15336903146584,28.8463377705019
"846"," 25-1c",36,1.14825617135667,28.2554514635841
"847"," 26-2",1,0.793901181561853,28.1650202603301
"848"," 26-2",2,0.749900916867678,28.6815487414491
"849"," 26-2",3,0.780240942279861,28.896051782611
"850"," 26-2",4,0.806560600249586,28.76185014717
"851"," 26-2",5,0.80513182083207,27.3120001484266
"852"," 26-2",6,0.788168411215049,28.9162054732358
"853"," 26-2",7,0.811929999931945,28.7018571463834
"854"," 26-2",8,0.815578641466992,27.4203086433987
"855"," 26-2",9,0.836454316730873,27.7403761972466
"856"," 26-2c",7,0.770095976048741,28.0247618783724
"857"," 26-2c",8,0.781535893510407,28.2334751533439
"858"," 26-2c",9,0.815555847037514,29.8485373065199
"859"," 26-2c",10,0.855741676991379,29.3644519574542
"860"," 31-1",1,0.778173352419809,28.2361213262269
"861"," 31-1",2,0.774494108364142,29.2267178573364
"862"," 31-1",3,0.766692332356871,28.7953430952728
"863"," 31-1",4,0.742289932731704,27.250638264749
"864"," 31-1a",2,0.754302927022765,29.1691332152532
"865"," 32-2",1,0.787352230818638,28.7413835649547
"866"," 32-2",2,0.755631132110521,27.9943279086775
"867"," 32-2",3,0.749988600578044,29.1589597264215
"868"," 32-2",4,0.762043564940277,29.3798272641198
"869"," 32-2",5,0.753294683362631,28.1405005724665
"870"," 32-2",6,0.779323621836238,28.0146336643343
"871"," 32-2",7,0.776639199197719,28.0105765328558
"872"," 32-2",8,0.742773949208134,28.1256656390243
"873"," 32-2a",3,0.766744144012332,28.7807651694627
"874"," 32-2a",4,0.794533223285359,27.1414766579013
"875"," 32-2a",5,0.769489953607916,28.7891024471933
"876"," 32-2a",6,0.764174547828009,28.2774657625661
"877"," 33-2",1,0.758044643213433,29.1253251187034
"878"," 33-2",2,0.783076490719484,28.6213942229063
"879"," 33-2",3,0.763972814582084,28.2257879795467
"880"," 34-2",1,0.780667802050598,28.3730094944204
"881"," 34-2",2,0.759089892979053,29.1613502509172
"882"," 35-1",1,0.776744414093787,28.3714897946948
"883"," 35-1",2,0.758505520106669,27.6873242968282
"884"," 35-1",3,0.793146138727794,27.1057066860999
"885"," 35-1",4,0.782986472030756,27.2180121492642
"886"," 35-1",5,0.74820703973916,28.4492730462089
"887"," 35-1",6,0.783039589158607,28.3567346783582
"888"," 35-1",7,0.795566968536234,27.9434381735013
"889"," 35-1",8,0.80364405695709,28.665326499239
"890"," 35-1",9,0.804174025641757,28.0888797268531
"891"," 35-1",10,0.815149470568939,28.0643924018017
"892"," 35-1",11,0.801833903524052,27.1882344901768
"893"," 35-1",12,0.814778937309677,28.260868281531
"894"," 35-1",13,0.811300875660081,29.0949224263502
"895"," 35-1",14,0.83123935503611,27.2686278271542
"896"," 35-1",15,0.891285223283933,29.8135095115483
"897"," 35-1",16,0.881930091437098,27.8499392981025
"898"," 35-1",17,0.833747804835545,26.7611283161129
"899"," 35-1",18,0.883865478425413,28.6593759429624
"900"," 35-1",19,0.887493620617251,27.6436060761098
"901"," 35-1",20,0.878474354320307,27.3091210516511
"902"," 35-1a",3,0.779127592821325,28.0370249252283
"903"," 35-1a",4,0.762532488577434,28.1760257608914
"904"," 35-1a",5,0.795337924712706,29.04048079048
"905"," 35-1a",6,0.812076883860241,29.1252493173457
"906"," 35-1a",7,0.769131066676917,27.6371570881629
"907"," 35-1a",8,0.784909927747801,27.443627390601
"908"," 35-1a",9,0.794890303396279,28.0789796896887
"909"," 35-1a",10,0.809565734126796,29.0010037938557
"910"," 35-1a",11,0.843106140471411,28.9032796736379
"911"," 35-1b",5,0.776037924099556,28.7733264380431
"912"," 35-1b",6,0.783700295099722,28.0875054501036
"913"," 35-1b",7,0.798598750717156,29.2599454540074
"914"," 35-1b",8,0.787906165506865,27.4047509397061
"915"," 35-1b",9,0.784939010982833,27.824765762416
"916"," 35-1c",9,0.831412259882773,28.2652343818611
"917"," 35-1c",10,0.811806765103172,28.1099783957529
"918"," 35-1c",11,0.838470298253035,29.2784651064315
"919"," 35-1c",12,0.832109337307883,29.3039757613934
"920"," 35-1c",13,0.825370701386806,28.3124532358013
"921"," 35-1c",14,0.883964040249369,29.8387772922739
"922"," 35-2",1,0.759458514243502,28.4021219694662
"923"," 35-2",2,0.769715103411216,28.5434310155771
"924"," 35-2",3,0.758557499468771,27.3902350605099
"925"," 35-2",4,0.77238959926774,28.1635164126303
"926"," 35-2",5,0.776895378015583,28.3382374737451
"927"," 36-1",1,0.755849636614305,29.0464060096152
"928"," 36-2",1,0.754552480298534,28.4484726097444
"929"," 36-2",2,0.751717945187619,28.7358395608018
"930"," 36-2",3,0.796352776489332,26.8405272704717
"931"," 36-2",4,0.827414573253352,29.2386736831029
"932"," 36-2",5,0.778022772662635,27.5497982682759
"933"," 36-2",6,0.827201900883563,28.4848173943548
"934"," 36-2",7,0.811612803103115,27.4370097473269
"935"," 36-2a",4,0.783657615878991,29.0230775592099
"936"," 36-2a",5,0.752427992645582,28.5881133278705
"937"," 36-3",1,0.7759014915783,28.2692717423435
"938"," 36-3",2,0.810018873956272,29.2481888663798
"939"," 37-1",1,0.775558702102842,28.3276339258838
"940"," 37-1",2,0.7875359116083,28.9856292374447
"941"," 37-1",3,0.810186798215555,28.0249846596846
"942"," 37-1",4,0.783598477371594,29.4437930448431
"943"," 37-1",5,0.772003701963948,28.3795572381473
"944"," 37-1",6,0.764843577557735,29.0322496711131
"945"," 37-2",1,0.754309504865015,29.0192593179954
"946"," 37-2",2,0.752102240127157,27.8217203855444
"947"," 37-2",3,0.789338505745986,27.9075293511823
"948"," 37-2",4,0.752664374251962,29.983229734607
"949"," 38-1",1,0.79107437433809,28.635373829597
"950"," 38-1",2,0.789139352833797,28.2626498610405
"951"," 38-1",3,0.800709137684674,28.1412884012843
"952"," 38-1",4,0.780178700121185,28.4965478013361
"953"," 38-2",1,0.768770979112211,28.1287947233564
"954"," 38-2",2,0.771301092320582,27.9655043158079
"955"," 38-2",3,0.793533016231375,28.4691802374863
"956"," 38-2",4,0.767128126475119,28.8889491410572
"957"," 41-1",1,0.721400156925952,27.8629972492584
"958"," 41-1",2,0.769707232727409,27.4027989346249
"959"," 41-1",3,0.775485065460789,28.4882921816298
"960"," 41-1",4,0.787225454196378,29.1041472187733
"961"," 41-1",5,0.788259559649698,28.3457945469799
"962"," 41-1",6,0.781016821082964,27.8815092295216
"963"," 41-1",7,0.752813856791909,27.1812923655643
"964"," 41-1",8,0.795585249757781,29.15366561703
"965"," 41-1",9,0.806626834010365,27.6752782572704
"966"," 41-1",10,0.808962898630529,27.6998112482009
"967"," 41-1",11,0.87641374394022,27.322506483742
"968"," 41-1",12,0.82481800693563,29.2994018969622
"969"," 41-1",13,0.808559129181378,28.3710329624966
"970"," 41-1",14,0.868476331696753,28.9790723217749
"971"," 41-1",15,0.840376493237978,28.0953621479597
"972"," 41-1",16,0.860899402326147,28.7931244360963
"973"," 41-1",17,0.891059967516454,28.9157884874464
"974"," 41-1",18,0.861921279349808,28.9599343525222
"975"," 41-1",19,0.934336303400152,29.5253066621336
"976"," 41-1",20,0.954248464170737,28.8768064290806
"977"," 41-1",21,0.964852268398166,27.3426322054688
"978"," 41-1",22,0.969137513009842,27.6864650741051
"979"," 41-1",23,0.983653025727039,27.6706227207881
"980"," 41-1",24,0.958330356285303,28.2196794721212
"981"," 41-1",25,1.05812085555275,28.9068049489073
"982"," 41-1",26,0.985627217166108,28.8987624096305
"983"," 41-1",27,1.01709965620889,29.3604890468123
"984"," 41-1",28,1.06890616952247,28.0954103552498
"985"," 41-1",29,1.01760698374541,26.6546334067889
"986"," 41-1",30,1.08930184656308,28.4687492555946
"987"," 41-1",31,1.06448045330792,28.8074051894706
"988"," 41-1",32,1.05982045719002,27.8283934821818
"989"," 41-1",33,1.10713602477352,28.454127460265
"990"," 41-1",34,1.1550860997293,28.0253932372071
"991"," 41-1",35,1.13617002041478,28.4124571670913
"992"," 41-1",36,1.11347524276288,28.2246822481957
"993"," 41-1",37,1.17868884104194,28.6741676048947
"994"," 41-1",38,1.18456168591526,29.1029566844418
"995"," 41-1",39,1.16012787008066,26.9442323617575
"996"," 41-1",40,1.22022973165013,28.4405416090456
"997"," 41-1",41,1.25227545882939,29.6728514114793
"998"," 41-1",42,1.27631360372724,28.9001798611029
"999"," 41-1",43,1.22451649695039,29.6549439269861
"1000"," 41-1",44,1.21230555570482,27.3639745105816
"1001"," 41-1",45,1.23070732757743,28.3031434493881
"1002"," 41-1",46,1.27367456283262,27.7167533026359
"1003"," 41-1",47,1.27370842705651,28.4492119715091
"1004"," 41-1",48,1.34104840211727,27.7136266365324
"1005"," 41-1",49,1.38291566930204,28.640572003387
"1006"," 41-1",50,1.30664412056639,28.5407262014192
"1007"," 41-1",51,1.38273144386289,29.0545868803199
"1008"," 41-1",52,1.38747292478273,29.1612969739448
"1009"," 41-1",53,1.35818772804544,28.6929295433763
"1010"," 41-1c",7,0.816050743377491,27.6965563892882
"1011"," 41-1c",8,0.784393809607996,28.7531329662987
"1012"," 41-1c",9,0.806251162653468,28.5577759535684
"1013"," 41-1c",10,0.80938299755336,29.6150420054851
"1014"," 41-1c",11,0.781465081432281,28.9314712348333
"1015"," 41-1c",12,0.796432349908591,29.0620235957613
"1016"," 41-1c",13,0.853614330875602,29.1965353217933
"1017"," 41-1c",14,0.879135100633504,29.7164679672986
"1018"," 41-1c",15,0.832163279435259,27.0252140836448
"1019"," 41-1c",16,0.887244276464083,29.1893600341489
"1020"," 41-1c",17,0.881194512956913,29.389591848084
"1021"," 41-1c",18,0.891827136810884,27.7296604374397
"1022"," 41-1c",19,0.88340501775709,29.1220906480475
"1023"," 41-1c",20,0.945286027297422,28.5646052731206
"1024"," 41-1c",21,0.956355299966273,28.3176339880409
"1025"," 41-1c",22,0.925836862554482,28.078677711356
"1026"," 41-1c-1",9,0.807723357045463,28.5847118830144
"1027"," 41-1c-1",10,0.827699485311893,28.7680430544403
"1028"," 41-1f",13,0.798433974236551,27.1388232553053
"1029"," 41-1f",14,0.864152535649423,29.7046593407241
"1030"," 41-1f",15,0.835259076124164,29.4862129205441
"1031"," 41-1g",14,0.846093598568236,28.2753114407543
"1032"," 41-1g",15,0.863320608797312,28.9211636359627
"1033"," 41-1k",22,0.947260302086967,28.7137535463778
"1034"," 41-1k",23,0.932486796176927,29.0766756689081
"1035"," 41-1n",26,1.07863162003771,29.1106890846109
"1036"," 41-1n",27,1.0199496221527,28.0791331220829
"1037"," 41-1n",28,1.06752678307219,28.6722229621944
"1038"," 41-1n",29,1.0535268444432,27.7947896201655
"1039"," 41-1n",30,1.0056877921393,27.636639550973
"1040"," 41-1n",31,1.03556349485997,28.8292141199759
"1041"," 41-1n",32,1.0744753576483,28.9027632280827
"1042"," 41-1n",33,1.09459781397389,27.8972433516911
"1043"," 41-1n",34,1.1157077086049,27.9946330578525
"1044"," 41-1n",35,1.16667249648742,28.7126630141371
"1045"," 41-1n",36,1.18622642089976,28.1229537583681
"1046"," 41-1n",37,1.18392594141576,27.7420351393676
"1047"," 41-1n",38,1.12507999804152,28.8419886106443
"1048"," 41-1n",39,1.18366723709466,28.6443317785687
"1049"," 41-1n",40,1.19098545618519,27.2157808232144
"1050"," 41-1n",41,1.23031372030905,27.7944435505457
"1051"," 41-1n",42,1.24055321590749,28.357315973232
"1052"," 41-1n-1",34,1.12530696998624,28.5083343117676
"1053"," 41-1n-1",35,1.12068582518196,28.0062093333889
"1054"," 41-1n-2",34,1.08212613152698,27.4448439456405
"1055"," 41-1n-2",35,1.11809006481136,28.1103745217057
"1056"," 41-1n-2",36,1.15722821510216,28.5658095538862
"1057"," 41-1n-2",37,1.14507688564402,29.2023302080475
"1058"," 41-1n-2",38,1.21943125706994,28.4203367285922
"1059"," 41-1n-2",39,1.18746727789621,28.9263705587822
"1060"," 41-1n-2",40,1.225153923356,27.5844537825761
"1061"," 41-1n-2",41,1.17031262547877,28.4393138752433
"1062"," 41-1n-2",42,1.22343917143948,28.8765977181689
"1063"," 41-1n-2",43,1.27423814462513,29.1481436415498
"1064"," 41-1o",28,1.02085433069109,29.8064666842882
"1065"," 41-1o",29,1.08160216369195,28.548294539962
"1066"," 41-1o",30,1.04572748879565,28.820079677145
"1067"," 41-1o",31,1.07962905437469,28.934295222303
"1068"," 41-1o",32,1.07351935996793,27.9734918490619
"1069"," 41-1o",33,1.14489698156669,29.1996025762752
"1070"," 41-1o",34,1.15475615002547,28.9058201339038
"1071"," 41-1o",35,1.11711816850438,28.5299743124778
"1072"," 41-1o",36,1.12520099214914,26.9749286562283
"1073"," 41-1o",37,1.21874696660653,27.80075875384
"1074"," 41-1o",38,1.19671914249632,28.6599110611869
"1075"," 41-1o",39,1.18668948233382,27.7121103809089
"1076"," 41-1o-1",35,1.20011393957606,29.4481046022806
"1077"," 41-1o-1",36,1.18366725892661,28.2635454919252
"1078"," 41-1p",34,1.16977058898629,28.8575794798503
"1079"," 41-1p",35,1.1326768615665,30.2921319414722
"1080"," 41-1q",39,1.16166147445357,28.8995688911704
"1081"," 41-1q",40,1.18180536578022,28.5134892670301
"1082"," 41-1q",41,1.25367441264872,28.8530042007111
"1083"," 41-2",1,0.813868232863038,28.2667632746757
"1084"," 41-2",2,0.786687614079912,28.3850990734446
"1085"," 41-2",3,0.774088033127938,28.7875284938958
"1086"," 41-2",4,0.775716524467803,28.3655374197472
"1087"," 41-2",5,0.805469832448669,28.9221055437232
"1088"," 41-2",6,0.774894589617979,28.2204110864143
"1089"," 41-2",7,0.781362427142612,28.0098433543595
"1090"," 41-2",8,0.766320764444362,27.640071090805
"1091"," 41-2",9,0.826963442505309,28.0341177700546
"1092"," 41-2",10,0.817900018501616,27.9827908169837
"1093"," 41-2",11,0.834655953970612,29.6577361039046
"1094"," 41-2",12,0.847761736305219,28.8480052397166
"1095"," 41-2",13,0.848724664639843,27.940836232952
"1096"," 41-2",14,0.842260935595427,28.8078271861895
"1097"," 41-2",15,0.832026961094907,28.4554871947047
"1098"," 41-2",16,0.864576019320486,28.2604452587478
"1099"," 41-2",17,0.842981155555934,28.9509061341426
"1100"," 41-2",18,0.889528924011732,29.0828353233128
"1101"," 41-2",19,0.907353778070379,28.838720675255
"1102"," 41-2",20,0.906817514763844,27.9175081781879
"1103"," 41-2",21,0.932727511259254,29.3102423101067
"1104"," 41-2",22,0.923698601319901,29.4258558993097
"1105"," 41-2",23,0.951898164554488,28.692399169499
"1106"," 41-2",24,0.992590087938641,27.837475344412
"1107"," 41-2",25,0.96682457871806,29.0000445253066
"1108"," 41-2",26,0.939584293282897,29.6198432378293
"1109"," 41-2",27,1.07024017796892,28.0224347235756
"1110"," 41-2",28,0.939980898860545,27.1878848499618
"1111"," 41-2",29,1.03602597378331,29.570773597035
"1112"," 41-2",30,1.08033701842654,27.7455747593873
"1113"," 41-2",31,1.11204011399955,28.453718714689
"1114"," 41-2",32,1.0791453065528,28.2804404908817
"1115"," 41-2",33,1.09656774954083,28.3634171426444
"1116"," 41-2",34,1.08418433406915,28.5655126016433
"1117"," 41-2",35,1.13517479191435,29.0319494102903
"1118"," 41-2",36,1.13777765274898,27.8724739087984
"1119"," 41-2b",4,0.771058506573463,28.567445757412
"1120"," 41-2b",5,0.790080950068899,29.0878193741075
"1121"," 41-2b",6,0.750897010397839,28.3251032636669
"1122"," 41-2b",7,0.789268115586224,27.1160358949211
"1123"," 41-2b",8,0.7882313701274,28.4714774177952
"1124"," 41-2b",9,0.804561673966154,28.856494444495
"1125"," 41-2b",10,0.83051970782432,28.5996099990243
"1126"," 41-2b",11,0.814560860659545,27.6642262320825
"1127"," 41-2b-1",9,0.75753592800746,28.5045328245362
"1128"," 41-2b-1",10,0.809767253983668,29.4238992838582
"1129"," 41-2c",12,0.830889708109691,28.1588736350083
"1130"," 41-2c",13,0.836935404182749,29.3634739607192
"1131"," 41-2c",14,0.841971090029816,29.1744289678901
"1132"," 41-2c-1",13,0.835175323854837,28.292558323303
"1133"," 41-2c-1",14,0.858954817076034,28.9820360023047
"1134"," 41-2c-1",15,0.90014558228472,29.3145072536658
"1135"," 41-2c-1",16,0.895005765247325,27.7654109262963
"1136"," 41-2c-1",17,0.906680438519566,28.5960918896523
"1137"," 41-2c-1",18,0.894090005432158,27.7309983308258
"1138"," 41-2c-1",19,0.94587312159537,28.0401520840638
"1139"," 41-2c-1",20,0.930490842279968,29.7115208546014
"1140"," 41-2c-1",21,0.910508932483529,28.5074506015422
"1141"," 41-2c-1",22,0.971184256851707,28.4548911841204
"1142"," 41-2c-1",23,0.945300042825772,28.1039107750284
"1143"," 41-2c-1a",1,0.759690196075076,27.8232773763483
"1144"," 42-1",1,0.796412873238126,28.6151228633719
"1145"," 42-1",2,0.796889719345161,28.4303430236688
"1146"," 42-1",3,0.717031789358734,28.0166992463032
"1147"," 42-1",4,0.795433489210178,28.2259928304845
"1148"," 42-1",5,0.785951900470785,28.9194287370773
"1149"," 42-1",6,0.79508406603464,28.1625665705394
"1150"," 42-1",7,0.797133747441933,28.983214011519
"1151"," 42-1",8,0.783967390673044,28.6954807731708
"1152"," 42-1",9,0.831217548069155,27.1291295317884
"1153"," 42-1",10,0.786083481517627,28.3091481496814
"1154"," 42-1",11,0.828344741195209,28.2644610107507
"1155"," 42-1",12,0.817744037263123,28.6763379726694
"1156"," 42-1",13,0.848038902935309,28.9564140910919
"1157"," 42-1",14,0.87001856376389,28.0084935501
"1158"," 42-1",15,0.883755727961718,29.7646403639823
"1159"," 42-1",16,0.865062417168882,29.4483855825271
"1160"," 42-1",17,0.870406624987898,27.4819222739045
"1161"," 42-1",18,0.857637451477281,28.4029571979562
"1162"," 42-1a",6,0.747571696036181,28.4156284202244
"1163"," 42-1a",7,0.792418699553405,27.9806865597673
"1164"," 42-1a",8,0.764240237769342,28.1013967749639
"1165"," 42-1a",9,0.771895337558292,28.6962271550959
"1166"," 42-1a",10,0.842259168423417,27.4981325611224
"1167"," 42-1b",14,0.853496536195218,28.4304389047817
"1168"," 42-1b",15,0.864925735504606,27.318067524471
"1169"," 43-1",1,0.761207071363051,28.5880896123736
"1170"," 43-1",2,0.729145516231663,29.0285635002023
"1171"," 43-1",3,0.775679874952788,28.1354466606784
"1172"," 43-1",4,0.764463539796405,28.2339477447879
"1173"," 43-1",5,0.774459338966599,28.9667750629938
"1174"," 43-1",6,0.77850143879411,27.3915545155708
"1175"," 43-1",7,0.765943092644509,29.0529193887736
"1176"," 43-1",8,0.808296463606441,28.5438247383819
"1177"," 43-1",9,0.809525959809169,28.0752193715293
"1178"," 43-1",10,0.820899430723084,27.2939909070954
"1179"," 43-1",11,0.859097775369936,29.0581500243727
"1180"," 43-1",12,0.826775045215977,28.1433552901522
"1181"," 43-1",13,0.80556330815612,29.0727423810524
"1182"," 43-1",14,0.851434406526125,30.0603927632173
"1183"," 43-1",15,0.874565651825125,28.3837878039921
"1184"," 43-1",16,0.852015440135758,27.4211256712533
"1185"," 43-1",17,0.919721021615966,28.6976999096342
"1186"," 43-1",18,0.904054579628405,27.2262751009615
"1187"," 43-1",19,0.894284524224568,28.3782097905177
"1188"," 43-1",20,0.929877033709262,27.8651621428583
"1189"," 43-1",21,0.926567907594733,28.5226907221953
"1190"," 43-1",22,0.940450689456003,28.5657009478268
"1191"," 43-1",23,1.02471014983135,28.2026026101145
"1192"," 43-1",24,1.01457623803213,28.0061187062133
"1193"," 43-1",25,0.988729394636774,29.2609350566954
"1194"," 43-1",26,1.02200846174069,28.5579246011008
"1195"," 43-1",27,1.06305187399826,28.4877245354708
"1196"," 43-1",28,1.06036943721134,28.2271935876532
"1197"," 43-1",29,1.01345589931145,28.3603484338047
"1198"," 43-1",30,1.0876483367752,28.4745303564908
"1199"," 43-1",31,1.10404676153666,28.3030539032197
"1200"," 43-1",32,1.10156761487271,29.4695807395023
"1201"," 43-1",33,1.1196505543587,29.1585798181361
"1202"," 43-1",34,1.07975458648848,28.8232836712361
"1203"," 43-1",35,1.12898630221242,27.7486923868115
"1204"," 43-1",36,1.1710307804846,28.2511684108779
"1205"," 43-1",37,1.23466980972601,27.6028112525686
"1206"," 43-1",38,1.21711636880004,28.3384925415257
"1207"," 43-1",39,1.17298049734293,28.6124293873767
"1208"," 43-1",40,1.13932192747572,27.1882666844865
"1209"," 43-1",41,1.20041321054335,28.8729022615277
"1210"," 43-1",42,1.19090325239317,27.9602102827376
"1211"," 43-1",43,1.23061801292082,27.5048500927425
"1212"," 43-1a",5,0.805007465681207,28.0454935533312
"1213"," 43-1a",6,0.768441195659035,27.6993647702132
"1214"," 43-1a",7,0.794848088189839,26.4630025337382
"1215"," 43-1a",8,0.76718152531983,27.9050356093929
"1216"," 43-1a",9,0.794819838550365,27.2617152146397
"1217"," 43-1a",10,0.851694637066247,27.7459378342132
"1218"," 43-1a",11,0.804303590538338,28.1279896323844
"1219"," 43-1a",12,0.837505771247307,30.1365607591589
"1220"," 43-1a",13,0.833342119232877,29.4663789727218
"1221"," 43-1a-1",10,0.80799509436494,28.2822351880664
"1222"," 43-1b",13,0.846382410819407,28.3018349112289
"1223"," 43-1b",14,0.855584269359891,28.5957926448681
"1224"," 43-1b",15,0.898494668559902,27.9905422394004
"1225"," 43-1b",16,0.914185949665815,27.422357729365
"1226"," 43-1b",17,0.832088421164823,27.1477759299102
"1227"," 43-1b",18,0.864940461186334,28.6528591792411
"1228"," 43-1b",19,0.895779522699519,29.0263830265957
"1229"," 43-1b",20,0.95928045603643,27.0281212926547
"1230"," 43-1b",21,0.949187226879376,28.5316028437847
"1231"," 43-1b",22,0.90643395471545,27.2843690311068
"1232"," 43-1b",23,0.94276434688283,28.8287228589861
"1233"," 43-1b",24,0.954311512561612,27.7739109455749
"1234"," 43-1b",25,1.01690155520799,28.5196393126724
"1235"," 43-1b-1",22,0.923239773325702,28.5763499829553
"1236"," 43-1c",17,0.892971683277347,29.1246897831822
"1237"," 43-1c",18,0.89160622595985,28.412272079884
"1238"," 43-1c",19,0.903637775060982,28.2478838964473
"1239"," 43-1f",26,1.02054020268904,29.481727496291
"1240"," 43-1f",27,0.988614997180053,28.2884128466232
"1241"," 43-1f",28,1.02450176307757,27.7168310486373
"1242"," 43-1f",29,1.07756466197399,28.0080392687039
"1243"," 43-1f",30,1.05881129974265,29.3962658369826
"1244"," 43-1f",31,1.0872280533408,28.1310271293787
"1245"," 43-1f",32,1.09266816876085,28.372464895546
"1246"," 43-1f",33,1.10361433934568,29.3519058423925
"1247"," 43-1I",39,1.18386586139896,29.224103566296
"1248"," 43-1I",40,1.22449810776499,26.3241349551923
"1249"," 43-1I",41,1.24695702019187,28.857479046987
"1250"," 43-1I",42,1.22319925824159,28.4373346898925
"1251"," 43-1I",43,1.23551182580293,28.4543981347247
"1252"," 43-1I",44,1.26914859295572,28.7985985485255
"1253"," 43-1I",45,1.35726284309659,27.4978283896418
"1254"," 43-1I",46,1.22777898278277,27.6517115208104
"1255"," 43-1I",47,1.27765726233401,27.905207281468
"1256"," 43-1I",48,1.35444624035728,28.6349266169838
"1257"," 43-1I",49,1.36956129348802,28.2305835737522
"1258"," 43-1I",50,1.30459819798242,29.4650820566214
"1259"," 43-1m",43,1.22042427780945,28.1480065357722
"1260"," 45-1",1,0.79626115398039,29.1328451615792
"1261"," 45-1",2,0.786912164044357,28.0191231278192
"1262"," 45-1",3,0.801563789960163,28.7903129559863
"1263"," 45-1",4,0.775768964280978,28.0908805465818
"1264"," 45-1",5,0.754175590535408,27.8724580369698
"1265"," 45-1",6,0.78326210566864,27.6601253595316
"1266"," 45-1",7,0.807508083526139,29.426684229436
"1267"," 45-1",8,0.819921839390426,27.358542450615
"1268"," 45-1",9,0.825584953187906,28.7329210920821
"1269"," 45-1",10,0.83241058703088,28.62663400314
"1270"," 45-1",11,0.842695414689059,27.0610068377521
"1271"," 45-1",12,0.840723099860167,28.5910677365939
"1272"," 45-1",13,0.811799200761918,27.8802611286305
"1273"," 45-1",14,0.854905346083919,28.1665336974495
"1274"," 45-1",15,0.868157676821249,27.5807593078846
"1275"," 45-1",16,0.836091427850241,28.2183958296979
"1276"," 45-1",17,0.849351110681581,27.7701094206932
"1277"," 45-1",18,0.909859972772297,29.248203121789
"1278"," 45-1",19,0.899125244490903,29.5857774542705
"1279"," 45-1",20,0.934116286119564,28.552713977239
"1280"," 45-1",21,0.89171910316149,27.6052181829288
"1281"," 45-1",22,0.975290153212305,30.2604915162785
"1282"," 45-1",23,0.999913064798945,29.3936846362219
"1283"," 45-1",24,0.985141834606947,28.4981496862691
"1284"," 45-1",25,0.933760259336779,27.519639665178
"1285"," 45-1",26,0.952215026619615,27.509661694758
"1286"," 45-1",27,0.976119024714292,29.572390584251
"1287"," 45-1",28,1.04826508178075,28.2616499288763
"1288"," 45-1",29,1.02244434056903,28.5497879641756
"1289"," 45-1",30,1.11228398650519,28.8312914713381
"1290"," 45-1",31,1.05168014715706,28.2755869299567
"1291"," 45-1",32,1.04756594933587,28.159009747133
"1292"," 45-1",33,1.10066734173118,28.1421649428326
"1293"," 45-1",34,1.10785008477667,28.2961767010817
"1294"," 45-1",35,1.16788896849475,28.3990798116968
"1295"," 45-1b",5,0.773758991939199,27.9152029973229
"1296"," 45-1b",6,0.759839755992375,26.466463190314
"1297"," 45-1b",7,0.766957481764578,29.1080027845521
"1298"," 45-1b",8,0.789524906270019,28.5539025193627
"1299"," 45-1b",9,0.80854434427572,30.45996999859
"1300"," 45-1b",10,0.81735336508132,29.0757445790266
"1301"," 45-1b",11,0.840808024294935,29.6653515667452
"1302"," 45-1b-1",6,0.784950236385247,29.1609895171117
"1303"," 45-1b-1",7,0.826320046451724,29.0315934435164
"1304"," 45-1b-1",8,0.78400512920822,29.1264375571585
"1305"," 45-1b-1",9,0.813483830128025,27.9840807208676
"1306"," 45-1b-1",10,0.832969542208407,28.2183233105528
"1307"," 45-1b-1",11,0.807397713304492,28.1916905756306
"1308"," 45-1b-1",12,0.81415322377956,28.6696659330203
"1309"," 45-1b-1",13,0.851246107629138,29.0706681510444
"1310"," 45-1b-1",14,0.821315167163548,28.3985623499662
"1311"," 45-1b-1",15,0.888548680847887,28.0886673922332
"1312"," 45-1b-1",16,0.863711250020296,28.6000600600617
"1313"," 45-1b-1",17,0.853827858303202,28.4118818297526
"1314"," 45-1b-1a",13,0.84971780355957,29.2545363050922
"1315"," 45-1b-1b",14,0.83569912720181,29.2410365947647
"1316"," 45-1b-1b",15,0.857547262035861,27.4956798581331
"1317"," 45-1c",6,0.760698176880613,27.8405663689597
"1318"," 45-1c",7,0.76881260526229,29.3132138610876
"1319"," 45-1d",1,0.742203025627732,29.1018115109623
"1320"," 45-1i",1,0.752358298779346,28.2777757778465
"1321"," 45-1i",2,0.756939584527076,28.6218462217134
"1322"," 45-2",1,0.806674249656231,28.5507667979847
"1323"," 45-2",2,0.749839766227038,29.4346473221851
"1324"," 45-2",3,0.779407204293119,29.4827654307818
"1325"," 45-2",4,0.764670921702279,27.860516025174
"1326"," 45-2",5,0.764551959662852,28.9362896746902
"1327"," 45-2",6,0.779809651902715,29.1295282911493
"1328"," 45-2",7,0.79161500145969,28.9520216482833
"1329"," 45-2",8,0.781640617602058,29.4652513565752
"1330"," 45-2",9,0.806497521308305,28.261204314031
"1331"," 45-2",10,0.832469237532291,27.2612407178225
"1332"," 45-2",11,0.81576992522232,28.2824704038038
"1333"," 45-2",12,0.86709287101195,27.9982506822662
"1334"," 45-2",13,0.818491155385141,28.6044561589151
"1335"," 45-2",14,0.838229382425197,28.6073201957414
"1336"," 45-2",15,0.819357369535395,28.012916175768
"1337"," 45-2",16,0.879713587049459,29.3430984001188
"1338"," 45-2",17,0.899425699309889,27.9217730986195
"1339"," 45-2",18,0.947914780770774,28.2863626961852
"1340"," 45-2",19,0.921371905326108,27.8335006574704
"1341"," 45-2a",4,0.794349596844967,29.012636536532
"1342"," 45-2a",5,0.760309480477558,28.6623378167667
"1343"," 45-2a",6,0.810524810066685,29.1367788989226
"1344"," 45-2d",6,0.784502334270282,28.1052984654312
"1345"," 47-1",1,0.756307058222681,28.44679912194
"1346"," 47-1",2,0.774606165036463,27.8430663326021
"1347"," 47-1",3,0.767985598827162,28.604368812607
"1348"," 47-1",4,0.737492623107856,27.9418448860556
"1349"," 47-1",5,0.772495315998402,27.0592409447835
"1350"," 47-1",6,0.758516346285022,28.3270412228226
"1351"," 47-1",7,0.773614515234923,28.2309174824502
"1352"," 47-1",8,0.77426046021957,27.1089288765351
"1353"," 47-1",9,0.806659994656281,27.7166966067141
"1354"," 47-1",10,0.796937907112328,27.7456109456598
"1355"," 47-1",11,0.783842538604903,27.1129558426727
"1356"," 47-1",12,0.841054316613991,28.394932686166
"1357"," 47-1",13,0.816160411351497,28.9567660414344
"1358"," 47-1",14,0.871001757916762,27.7439210957234
"1359"," 47-1",15,0.87291746113623,28.7362137551428
"1360"," 47-1",16,0.89776590246116,27.7261871585768
"1361"," 47-1",17,0.86763657851707,28.5506067064618
"1362"," 47-1",18,0.901505358933999,27.7428483342225
"1363"," 47-1",19,0.930856802259277,27.8973960624526
"1364"," 47-1a",2,0.788791017085386,27.9725145979067
"1365"," 47-1a",3,0.807989547070127,28.0316166401425
"1366"," 47-1d",10,0.829963381454691,27.6875323874595
"1367"," 47-1d",11,0.809016961946196,27.9833163361513
"1368"," 47-1d",12,0.820553189185669,28.2618272947274
"1369"," 47-1d",13,0.818954076743986,28.4899779606466
"1370"," 48-1",1,0.758633645238054,29.3708796262664
"1371"," 48-1",2,0.776554690696242,27.8626696020884
"1372"," 48-1",3,0.795198971846334,29.7103708147372
"1373"," 48-1",4,0.753331808767993,27.2119993821879
"1374"," 48-1",5,0.789014478197271,28.2592276403247
"1375"," 48-1",6,0.755055369255781,28.343501038486
"1376"," 48-1",7,0.790027444451614,28.2094363499952
"1377"," 48-1",8,0.795405768230504,28.4647703868777
"1378"," 48-1",9,0.825019332337025,29.7963671794169
"1379"," 48-1",10,0.841451857843302,27.454370183972
"1380"," 48-1",11,0.850087457424374,28.902572067786
"1381"," 48-1",12,0.843806831728109,28.1825508078091
"1382"," 48-1",13,0.866296147229766,27.8831234264891
"1383"," 48-1",14,0.866754130168371,27.5551849294354
"1384"," 48-1",15,0.868817373612229,29.5051520488624
"1385"," 48-1",16,0.869390483496348,29.153166212432
"1386"," 48-1",17,0.868331140839729,29.7213568090088
"1387"," 48-1",18,0.878081488952818,27.7478514466816
"1388"," 48-1",19,0.918779313751676,28.2913809025879
"1389"," 48-1",20,0.962503221105617,27.8900225516682
"1390"," 48-1",21,0.976274273848744,27.8545855068714
"1391"," 48-1",22,0.940868920989807,28.2920062344938
"1392"," 48-1",23,0.922619012084918,28.8941469307935
"1393"," 48-1",24,0.941806748264956,28.539210551487
"1394"," 48-1",25,1.0180796045201,28.6686248665668
"1395"," 48-1",26,0.982886110363071,28.9780468032017
"1396"," 48-1",27,1.0008170422211,29.4730906940721
"1397"," 48-1",28,1.00838113441095,28.0493177073035
"1398"," 48-1",29,1.0149105486464,28.7672557452428
"1399"," 48-1",30,1.07138764430105,28.0668621009133
"1400"," 48-1",31,1.05418703279637,28.1554546650613
"1401"," 48-1",32,1.12069453250989,26.8663815199291
"1402"," 48-1",33,1.10177693003571,27.2461298392077
"1403"," 48-1",34,1.13202775637409,29.5492588743634
"1404"," 48-1",35,1.13415268940744,28.0666783340349
"1405"," 48-1",36,1.13229194073166,30.0200966968227
"1406"," 48-1",37,1.18479770358106,28.5568668974935
"1407"," 48-1",38,1.15650144244386,27.8653461950789
"1408"," 48-1b",18,0.906298008706963,26.7559471712498
"1409"," 48-1b",19,0.929069549778571,27.6870440282362
"1410"," 48-1b",20,0.904870200125273,27.519556824287
"1411"," 48-1b",21,0.925874281966156,28.6924834564168
"1412"," 48-1b",22,0.989308458034516,28.4305897813561
"1413"," 48-1b",23,0.971168567825298,28.563343870928
"1414"," 48-1b",24,1.00014385825322,28.4097584909462
"1415"," 48-1b",25,0.998081238070417,27.750285587554
"1416"," 48-1b",26,0.994273966247177,28.1274687871553
"1417"," 48-1b",27,1.00711746263157,29.0317708399903
"1418"," 48-1b-1",19,0.909139789353134,28.1748139195441
"1419"," 48-1b-1",20,0.912955979718974,27.352312846518
"1420"," 48-1b-1",21,0.973780058868732,28.9489287758376
"1421"," 48-1b-1",22,0.937432364523964,27.4627167744786
"1422"," 48-1b-1",23,0.968252565230868,28.051590595204
"1423"," 48-1b-1",24,0.923590787333693,27.8914481545737
"1424"," 48-1b-1",25,0.981584574375708,29.5903910260237
"1425"," 48-1c",22,0.943379472558545,28.5563260245938
"1426"," 48-1c",23,0.998741297418072,27.9144067920476
"1427"," 48-1c",24,1.00642945510979,28.331688000667
"1428"," 48-1c",25,0.950791910640593,27.9158453556952
"1429"," 48-1c",26,0.944885606466909,28.9064160555304
"1430"," 48-1c",27,1.05695237920456,27.5948559429635
"1431"," 48-1c",28,1.00605331131566,27.738873272098
"1432"," 48-1c",29,1.02805893006991,29.956106343573
"1433"," 48-1e",33,1.07766476340227,28.2892575322943
"1434"," 49-1",1,0.757381606000566,26.4631091384259
"1435"," 49-1b",1,0.777230892207646,30.0631789680847
"1436"," 49-1b",2,0.759099218624657,28.8285683799382
"1437"," 49-1b",3,0.792969278267447,28.0731414039729
"1438"," 49-2",1,0.774474794979825,27.9422873684032
"1439"," 49-2",2,0.768024274249653,27.9649760191497
"1440"," 49-2",3,0.751658696585458,28.2935399897914
"1441"," 49-2a",1,0.790048706517774,27.2814149144876
"1442"," 49-2a",2,0.785725986372655,29.3622173870708
"1443"," 49-2a",3,0.78362919941307,27.4623696629705
"1444"," 50-1",1,0.827312553333969,29.3039843075218
"1445"," 50-1c",2,0.773180602195435,28.2267200536209
"1446"," 50-1c",3,0.778465077764341,28.9508298870124
"1447"," 50-1c",4,0.779440696339378,27.5689961960069
"1448"," 50-1c",5,0.772999044577203,28.3750203281619
"1449"," 50-1d",2,0.793267500700378,28.4278109362277
"1450"," 51-1",1,0.776253723150062,28.3719383621758
"1451"," 51-1",2,0.734052377172251,28.4695745929157
"1452"," 51-1",3,0.777194789867473,28.2618595571218
"1453"," 51-1",4,0.749787799487865,29.5705626077152
"1454"," 51-1",5,0.804156174336163,28.617300611694
"1455"," 51-1",6,0.815453778389576,28.3467989816666
"1456"," 51-1",7,0.777162123163088,27.9295963201765
"1457"," 51-1",8,0.816206101554803,28.4249505566773
"1458"," 51-1",9,0.792086874867808,27.951488283969
"1459"," 51-1",10,0.856308206484771,28.8696584385042
"1460"," 51-1",11,0.831106638838315,26.822944365221
"1461"," 51-1",12,0.815115574451307,29.6376425186434
"1462"," 51-1",13,0.868648722974722,27.3912247618174
"1463"," 51-1",14,0.809386409659457,28.6283322029202
"1464"," 51-1",15,0.860803703145259,29.2803652874461
"1465"," 51-1",16,0.881572995670103,27.6343627858678
"1466"," 51-1",17,0.869341089431327,28.7876491837051
"1467"," 51-1",18,0.849833282589731,29.3865576839319
"1468"," 51-1",19,0.909666431871181,28.6787143219732
"1469"," 51-1",20,0.93078285738029,27.6327735042669
"1470"," 51-1",21,0.931736268450021,27.7029529700291
"1471"," 51-1",22,0.976831975920887,28.4813821694061
"1472"," 51-1",23,0.952274899835374,27.9834032553744
"1473"," 51-1",24,0.949611293393953,29.2399635186879
"1474"," 51-1",25,1.01741730388628,28.5488505246478
"1475"," 51-1",26,0.990953205222367,28.4017921994551
"1476"," 51-1",27,1.04039663161093,28.8639338002941
"1477"," 51-1",28,1.0415074540604,28.566821145587
"1478"," 51-1",29,1.04330458846848,28.2452391720894
"1479"," 51-1",30,1.06372808493322,28.7981061736243
"1480"," 51-1",31,1.02843542195445,28.2045313911016
"1481"," 51-1",32,1.02973494213724,28.6499447947349
"1482"," 51-1",33,1.08048842933721,28.0593084830178
"1483"," 51-1",34,1.15505638909085,29.3700165684451
"1484"," 51-1",35,1.14848983351648,29.0810219731609
"1485"," 51-1a",1,0.763838799685274,28.3797533274375
"1486"," 51-1b",14,0.834521154179243,26.7639121551196
"1487"," 51-1c",17,0.899684266416154,28.8628665231472
"1488"," 51-1c",18,0.901387895342407,29.3009000126977
"1489"," 51-1c",19,0.927229726746693,29.1395931446252
"1490"," 51-1c",20,0.911119856623618,28.1828064701805
"1491"," 51-1c",21,0.932848770154106,28.7444810117858
"1492"," 51-1c",22,0.990718795129787,28.109821755482
"1493"," 51-1c",23,0.975797104231636,29.7561028199278
"1494"," 51-1c",24,0.977501247745233,28.4580041569778
"1495"," 56-1",1,0.800288745291378,27.8952847811431
"1496"," 56-1",2,0.794117326728339,28.2898100829628
"1497"," 56-1",3,0.753542577946039,28.4230908058434
"1498"," 56-1",4,0.765104925966122,27.9945913789632
"1499"," 56-1",5,0.78835564174798,29.186687532878
"1500"," 56-1",6,0.800573098508934,27.7160168588997
"1501"," 56-1",7,0.775955695458499,28.4725796690489
"1502"," 56-1",8,0.811586956928539,29.4128580669283
"1503"," 56-1",9,0.798674374922042,28.7353796956231
"1504"," 56-1",10,0.824357728874608,28.3538672756012
"1505"," 56-1",11,0.831188530336965,29.900512155547
"1506"," 56-1",12,0.842840797058582,28.1590556753421
"1507"," 56-1",13,0.835566691455149,28.6618130576961
"1508"," 56-1",14,0.851544967974941,30.6934400358511
"1509"," 56-1",15,0.853512023930185,28.0143375195482
"1510"," 56-1",16,0.875961859749227,30.0033423687235
"1511"," 56-1",17,0.899934115511601,29.4346269721884
"1512"," 56-1",18,0.906443695148726,28.364815384553
"1513"," 56-1a",5,0.816356046425278,27.7187435434092
"1514"," 56-1a",6,0.786806827125651,29.7670191829056
"1515"," 56-1a",7,0.808358986369267,28.7546282108579
"1516"," 56-1a",8,0.771797689050187,28.6449089855013
"1517"," 56-1a",9,0.7526317444516,27.7266481526199
"1518"," 56-1a",10,0.831341321547025,29.3141757758392
"1519"," 56-1c",9,0.792577267820282,27.9441995695434
"1520"," 56-1c",10,0.839689870279115,27.8156715633622
"1521"," 56-1c",11,0.824256209686047,28.3874259945943
"1522"," 56-1c",12,0.840195347414121,28.2672541441488
"1523"," 56-1c",13,0.848755167568699,29.4541074977745
"1524"," 56-1c",14,0.859347833831329,28.3669672609849
"1525"," 56-1c",15,0.864283587715933,28.071625866369
"1526"," 56-1c",16,0.844296632666842,28.416460130495
"1527"," 56-1c",17,0.851475399963563,29.8176384295433
"1528"," 56-1c",18,0.92432169294993,28.0554852673752
"1529"," 56-1c",19,0.892036290213327,28.13102060212
"1530"," 56-1c",20,0.875064414039072,28.4461866308815
"1531"," 56-1c",21,0.91605169005343,28.2265371005673
"1532"," 56-1c",22,0.958793878175286,28.4974576979894
"1533"," 56-1c",23,0.98938165877294,27.8671259087407
"1534"," 56-1c",24,0.97083781574348,29.3264074882804
"1535"," 56-1c",25,0.978402974377789,27.3565002165665
"1536"," 56-1c",26,1.02111633277249,28.4478751404642
"1537"," 56-1c",27,1.06686121108037,28.3183387554684
"1538"," 56-1c",28,1.06035825552309,28.3064259658764
"1539"," 56-1c",29,1.01209783327212,29.1968346118062
"1540"," 56-1c",30,1.05251907817315,28.0615270505387
"1541"," 56-1c",31,1.06397309056189,29.0761010695302
"1542"," 56-1c",32,1.0668692666142,27.9851342207944
"1543"," 56-1c",33,1.15321372893326,28.2254830662586
"1544"," 56-1c",34,1.14378294899567,28.350984121985
"1545"," 56-1c",35,1.13602035039064,29.3422810814593
"1546"," 56-1c-1",14,0.871253104338682,28.1312739229172
"1547"," 56-1c-1",15,0.859433231592873,28.0272635986951
"1548"," 56-1c-1",16,0.856998926706429,27.7284366682782
"1549"," 56-1c-2",23,0.937124746182884,28.5177089022643
"1550"," 56-1c-2",24,0.981818197051125,28.4734789688237
"1551"," 56-1c-2",25,0.981040739235705,27.5727313311025
"1552"," 56-1c-2",26,1.02602439650772,28.5315025294571
"1553"," 56-1f",11,0.76000286506606,27.257276365052
"1554"," 56-1f",12,0.852475729569975,29.046390103214
"1555"," 56-1f",13,0.870825222026183,28.7889889530391
"1556"," 56-1g",13,0.815609494569615,28.3417223061949
"1557"," 58-1",1,0.805346355213761,27.5648984221084
"1558"," 58-1",2,0.752334261898814,28.3400928827795
"1559"," 58-1",3,0.796823843353004,27.7839586321025
"1560"," 58-1",4,0.760456087076267,27.7242298376896
"1561"," 58-1",5,0.813050673494688,28.1899214637605
"1562"," 58-1",6,0.790025090422478,29.0201882570322
"1563"," 58-1",7,0.78594331355975,27.8664804734471
"1564"," 58-1",8,0.780370723622778,28.2459523577478
"1565"," 58-1",9,0.804727420531298,28.5534502384173
"1566"," 58-1",10,0.856744479430974,29.5690893873207
"1567"," 58-1",11,0.846909332224084,28.2321811631192
"1568"," 58-1",12,0.797998421456295,28.9344220715243
"1569"," 58-1",13,0.804060679293471,27.8436006298948
"1570"," 58-1",14,0.83524530134657,28.5947659334688
"1571"," 58-1",15,0.856820600827431,28.7418902505061
"1572"," 58-1",16,0.860001008211234,27.8061715341016
"1573"," 58-1",17,0.894731471833581,28.084864924149
"1574"," 58-2",1,0.78268430438315,27.6741373144109
"1575"," 58-2",2,0.773397932841393,28.5041737374226
"1576"," 58-2",3,0.770728258843876,27.975224228151
"1577"," ESC",1,0.765222272918129,28.5575280393404
"1578"," ESC",2,0.767285978278286,28.1736425749239
"1579"," ESC",3,0.803293271021084,30.6394737098978
"1580"," ESC",4,0.765287379446279,28.2253207050548
"1581"," ESC",5,0.777767931930571,29.0172111809381
"1582"," ESC",6,0.783107065869425,26.8334810668819
"1583"," ESC",7,0.790982189522315,27.7590202016903
"1584"," ESC",8,0.821864644477999,27.6675390270511
"1585"," ESC",9,0.78269381941834,27.8353728226526
"1586"," ESC",10,0.796769354719488,28.5120082527364
"1587"," ESC",11,0.823071261702748,28.5953766222776
"1588"," ESC",12,0.834880367989878,26.8931223351296
"1589"," ESC",13,0.839379911926908,28.8490722791066
"1590"," ESC",14,0.874937202590865,28.7010887081758
"1591"," ESC",15,0.856964470138126,29.1706755489372
"1592"," ESC",16,0.876627441624925,29.0970388074836
"1593"," ESC",17,0.881687977860351,28.1501559368438
"1594"," ESC",18,0.911586474550852,29.2216644369119
"1595"," ESC",19,0.897094162194708,28.0954064084919
"1596"," ESC",20,0.923590264240886,27.9867475338741
"1597"," ESC",21,0.935143872739352,28.6553775838304
"1598"," ESC",22,0.89516349469177,28.7261104837944
"1599"," ESC",23,0.941677722101468,28.9310404370523
"1600"," ESC",24,0.97786328910869,29.6075852108116
"1601"," ESC",25,1.0187659483812,27.5852895881449
"1602"," ESC",26,1.03216764450287,28.340196912379
"1603"," ESC",27,0.953926378211207,28.662464958396
"1604"," ESC",28,1.03121280346693,28.2753164549747
"1605"," ESC",29,1.06601123519303,28.6861579207849
"1606"," ESC",30,1.03390447860361,26.5456436880712
"1607"," ESC",31,1.13308076454135,27.314966757099
"1608"," ESC",32,1.04125492382747,29.075663878586
"1609"," ESC",33,1.07129837143934,28.7588382049378
"1610"," ESC",34,1.15840973818157,27.3628002731122
"1611"," ESC",35,1.07975594585533,28.538657333812
"1612"," ESC",36,1.1076047180719,28.7316900923567
"1613"," ESC",37,1.13452029063123,29.3053381750801
"1614"," ESC",38,1.17400622513708,28.7240093579733
"1615"," ESC",39,1.21685652211695,28.4611101561391
"1616"," ESC-1",1,0.7993867481551,27.6125950860139
"1617"," ESC-1",2,0.7951087946104,28.5731810770346
"1618"," ESC-1",3,0.775816768320697,29.2439382471412
"1619"," ESC-2",1,0.792927533883252,29.0710580498319
"1620"," ESC-3",1,0.760636067260787,28.7946136192554
"1621"," ESC-3",2,0.722251762313539,26.9087787198657
"1622"," ESC-3",3,0.795391120754194,29.2888040960504
"1623"," ESC-3",4,0.772665196091864,28.2343794831859
"1624"," ESC-3",5,0.788501630788561,28.5218579011642
"1625"," ESC-3",6,0.770208385635163,28.1553189043056
"1626"," ESC-3a",7,0.787281301732119,28.7799273341555
"1627"," ESC-3a",8,0.788811486345498,29.5670993070816
"1628"," ESC-3a",9,0.876773744783156,28.2156156111239
"1629"," ESC-DC",1,0.763149129566789,28.1281780377262
"1630"," ESC-DC",2,0.780825692004517,28.1103431192631
"1631"," ESC-DC",3,0.723358782645421,28.129970551632
